plate	SMARTindex	TrimmerID	ASVcount	PctSupport	HeavyChain
plate3	03-SMARTindex	N397/19.1.1	3806	100	ATAAGATCACTGTTCTCTCTACAGTTACTGAGTACACAGGACCTCACCATGGGATGGAGCTGTATCATCCTCTTCTTGGTATCAACAGCTACAGGTGTCCACTCCCAGGTCCAACTGCAGCAGCCTGGGGCTGAGCTTGTGAAGCCTGGGACTTCAGTGAGGCTGTCCTGCAAGGCTTCTGGCTACTCCTTCACCAGCTACTGGATGCACTGGGTGAAACAGAGGCCTGGACAAGGCCTTGAGTGGATCGGAGAGATTGATCCTTCTGATAGTTATTCTAACTACAATCAAAAATTCAAGGTCAAGGCCACATTGACTGTAGACAAATCCTCCACCACAGCCTACATGCAGCTCAACAGCCTGACATCTGAGGACTCTGCGGTCTATTACTGTACAAGAACGGGGAGGTACGACTGGAGTGACTACTGGGGCCAAGGCACCACTCTCACAGTCTCCTCA
plate3	04-SMARTindex	N447/24.8	988	99.1	GACAGAGGAGGCCAGTCCTGGATTTGAGTTCCTCACATTCAGTGATGAGCACTGAACACAGACACCTCACCATGAACTTCGGGTTCAGCTTGATTTTCCTTGTCCTTGTTTTAAAAGGTGTCCAGTGTGAAGTGAAGCTGGTGGAGTCTGGGGGAGGCTTAGTGAAGCCTGGAGGGTCCCTGAAAGTCTCCTGTGTAGCCTCTGGATTCACTTTCAGTAGCTCTGCCATGTCTTGGGTTCGCCAGACTCTAGAGAAGAGGCTGGAGTGGGTCGCATCCATTAGTAGTGTTGGTAGTGTCTACTATCCAGACAGTGTGAAGGGCCGATTCACCATCTCCAGAGATAATGCCAGGAACATCCTGTACCTGCAAATGAGCAGTCTGAGGTCTGAGGACACGGCCATGTATTACTGTGCAAGAGGCAAGAAATATGGTAACTACCTTTACTATGCTATGGACTACTGGGGTCAAGGAACCTCAGTCACCGTCTCTTCA
plate3	05-SMARTindex	N245/36.1	3902	99.8	AAAACATGAGATCACAGTTCTCTCTACAGTTTCTGAGCACACAGGAACTCACCATGGGATGGAGCTATATCATCCTCTTTTTGGTAGCAACAGCAACAGGTGTCCACTCCCAGGTCCAACTGCAGCAGTCTGGGGCTGAACTGGTGAAGCCTGGGGCTTCAGTGAAGTTGTCCTGCAAGGCTTCTGGCTACACCTTCACCAGCTACTATATGTACTGGGTGAAGCAGAGGCCTGGACAAGGCCTTGAGTGGATTGGAGAGATTAATCCTAGCAATGGTGATACTAACTTCAATGAGAAGTTCAAGAGCAAGGCCACACTGACTGTAGACAAATCCTCCAGCACAGCATACATGCAACTCAGCAGCCTGACATCTGAGGACTCTGCGGTCTATTACTGTCTTTTACCTTTTGCTTACTGGGGCCAAGGGACTCTGGTCACTGTCTCTGCA
plate3	06-SMARTindex	N425/45.4	4799	99.8	AAGCGAGTGACCAGTTAGTCTTAAGGCACCACTTCTTAGACATCATGGCGTGGGTGTGGACCTTGCTATTCCTGATGGCAGCTGCCCAAAGTGCCCAAGCACAGATCCAGTTGGTGCAGTCTGGACCTGAGCTGAAGAAGCCTGGAGAGACAGTCAAGATCTCCTGCAAGGCTTCTGGATATAGTTTCACAAACTATGGAATGAACTGGGTGAAGCAGGCTCCAGGAAAGGGTTTAAAGTGGATGGCCTGGATAAACACCTACACTGGAGAGCCAACATATGCTGATGACTTCAAGGGACGGTTTGCCTTCTCTTTGGAAACCTCTGCCAGCACTGCCTATTTGCAGATCAACAACCTCAAAAAAGAGGACACGGCTACATATTTCTGCGCAAACCTATATAGGGACTACTTTGACTACTGGGGCCAAGGCACCACTCTCACAGTCTCCTCA
plate3	07-SMARTindex	N001/12.1	3087	99.8	AACATATGTCCAATGTCCTCTCCTCAGACACTGAACACACTGACTCTAACCATGGGATGGAGCTGGATCTTTCTCTTTCTCCTGTCAGGAACTGCAGGTGTCCTCTCTGAGGTCCAGCTGCAACAGTCTGGACCTGAGCTGGTGAAGCCTGGGGCTTCAGTGAAGATATCCTGCAAGACTTCTGGATACACATTCACTGAATACACCATGCACTGGGTGAAGCAGAGCCATGGAAAGAGCCTTGAGTGGATTGGAGGTTTTAATCCTAACAATGGTGATACTAGGTACAATCAGAAGTTCAAGGGCAAGGCCACATTGACTGTAGACAAGTCCTCCAGCACAGCCTACATGGAGGTCCGCAGCCTGACATCTGAGGATTCTGCAGTCTATTACTGTGCAAGAGATGGCTATGCAATGGACTACTGGGGTCAAGGAACCTCAGTCACCGTCTCCTCA
plate3	08-SMARTindex	N471/27.9	2187	99.9	ATAAGGTCACTGTTCTCACTATAGTTACTGAGCACACAGACCTCACCATGGGATGGAGCTCTATCATCCTCTTCTTGGTAGCAACAGCTACAGGTGTCCACTCCCAGGTCCAACTGCAGCAGCCTGGGGCTGAGCTGGTGAGGCCTGGAACTTCAGTGAAGCTGTCCTGCAAGGCTTCTGGCTACGCCTTCACCAACTACTGGCTGAACTGGGTGAAACAGAGGCCTGGACAAGGCCTTGAGTGGATTGGCGTGATTCATCCTTCCGATAGTGAAACTAGGTTAAATCAGAAGTTCAAGGACAAGGCCACATTGACTGTAGACAAATCCTCCAGCACGGCCTACATGCAACTCAGCAGCCCGACATCTGAGGACTCTGCGGTCTATTACTGTGCAAGAAGCTCGGGAGTTTACTGGGGCCAAGGGACTCTGGTCACTGTCTCTGCA
plate3	09-SMARTindex	N469/28.6	2145	100	AACCTATGATCAGTGTCCTCTCCACAATCTCTGAAGACACTGACTCTAACCATGGAATGGAGCTGGGTCTTTCTGTTCCTCCTGTCAGTAACTTCAGGTGTCCACTCCCAGGTCCAGCTGCAGCAGTCTGGAGCTGAGCTGGTGAAGCCTGGGGCTTCAGTGAAGCTGTCCTGCAAGACTTCTGGCTACACCTTCACCAGCTACTGGATTCAGTGGGTAAAACGGAGGCCTGGACAGGGCCTTGGGTGGATTGGAGAGATATTTCCTGGAACTGGTACTACTTACTACAATGAAAATTTCAAGGGCAAGGCCACACTGACTATAGACACATCCTCCAGCACAGCCTACATGCAGCTCAGCAGCCTGACCTCTGAGGACTCTGCTGTCTATTTCTGTGCAAGAGTCGACGGTAGTAGCTATTTTGACTACTGGGGCCAAGGCACCACTCTCACAGTCTCCTCA
plate3	10-SMARTindex	N255/38.1	436	99.5	AGCTCTGACAGAGGAGGCCGGTCCTGGATTCGATTCCCAGTTCCTCACATTCAGTCAGCACTGAACACGGACCCCTCACCATGAACTTCGGGCTCAGCTTGATTTTCCTTGCCCTCATTTTAAAAGGTGTCCAGTGTGAGGTGCAGCTGGTGGAGTCTGGGGGAGACTTAGTGAAGCCTGGAGGGTCCCTGAAACTCTCCTGTGCAGCCTCTGGATTCACTTTCAGTAACTATGGCATGTCTTGGGTTCGCCAGACTCCAGACAAGAGGCTGGAGTCGGTCGCAACCATTAGTAGTCGTGGTAGTTACACCTACTATCCAGACAGTGTGAAGGGGCGATTCACCATCTCCAGAGACAATGCCAAGAACACCCTATACCTGCAAATGAGCAGTCTGAAGTCTGACGACACAGCCATGTATTACTGTGCAAGACAGGGGAGAGGCTACTTTGACTACTGGGGCCAAGGCACCACTCTCACAGTCTCCTCA
plate3	12-SMARTindex	N459/84.2	2521	98.7	AAGATCACAGTAGTCTCTACAGTCACAGGAGTACACAGGGCATTGCCATGGGTTGGAGCTGTATCATCTTCTTTCTGGTAGCAACAGCTACAGGTGTGCACTCCCAGGTCCAGCTGCAGCAGTCTGGGCCTGAGGTGGTGAGGCCTGGGGTCTCAGTGAAGATTTCCTGCAAGGGTTCCGGCTACACATTCACTGATTATGCTATGCACTGGGTGAAGCAGAGTCATGCACAGAGTCTAGAGTGGATTGGAGTTATTAGTACTTACAATGGTAATGCAAACTACAACCAGAAGTTTAAGGGCAAGGCCACAATGACTGTAGACAAATCCTCCAGCACAGCCTATATGGAACTTGCCAGATTGACATCTGAGGATTCTGCCATCTATTACTGTGCAAGAGTTGACTACTGGGGCCAAGGCACCACTCTCACAGTCTCCTCA
plate3	13-SMARTindex	N323B/20.3.6	2515	99.2	ACAGGTCTTCCCATTCAGTGATCAAGTCTCAACACAAAATATCCAGCATGGAGTTGGGACTGAGCTGGGTATTTCTTGTGGCTCTTTTGAATGGTGTCCAGTGTCAGGTGCAGCTTGTAGAGACCGGGGGAGGCTTGGTGAGGCCTGGAAATTCTCTGAAACTCTCCTGTGTTACCTCGGGATTCACTTTCAGTAACTACCGGATGCACTGGCTTCGCCAGGTTACAGGAAAGAGGCTGGAGTGGATTGCTGTAATTCCAGTCAAATCTGATAATTATGGAGCAAATTATGCAGAGTCTGTGAAAGGCAGATTCACTATTTCAAGAGATGATTCAAAAAGCAGTGTCTACCTGCAGATGAACAGATTAAGAGAGGAAGACACTGCCACTTATTATTGTAGTAAGGGCTACGGCTACTCCACTTTTGCTTACTGGGGCCAAGGGACTCTGGTCACTGTCTCTGCA
plate3	14-SMARTindex	N420/24.10.1	1378	97.5	ATCTCCTCACTAGAGCCCCCATCAGAGCATGGCTGTCCTGGTGCTGTTCCTCTGCCTGGTTGCATTTCCAAGCTGTGTCCTGTCCCAGGTGCAGCTGAAGGAGTCAGGACCTGGCCTGGTGGCGCCCTCACAGAGCCTGTCCATCACTTGCACTGTCTCTGGGTTTTCATTAAACAGATATGGTGTACACTGGGTTCGCCAGCCTCCAGGAAAGGGTCTGGAGTGGCTGGGAGTAATATGGGCTGGTGGAAGCACAAATTATAATTCGGCTCTCATGTCCAGACTGAGCATCAGCAAAGACAACTCCAAGAGCCAAGTTTTCTTAAAAATGAACAGTCTGCAAACTGATGACACAGCCATGTACTACTGTGCCAGAGAGGGGGCTGCGGGGTTTGCTTACTGGGGCCAAGGGACTCTGGTCACTGTCTCTGCA
plate3	15-SMARTindex	N330A/51.1	2155	99.8	GACAACCTATGAACAATGTTCTCTCCACAGTCCCTGAAGACACTGATTCTGACCATGGGATGGAGCTGGGTCTTTCTCTTCCTCCTGTCAGTAACTGCAGGTGTCCACTCCCAGGTTCAGCTGCAGCAGTCTGGAGCTGAACTGGTAAAGCCTGGGGCTTCAGTGGAGTTGTCCTGCAAGGCTTCTGGCTACACCTTCACAAACTATGATATAAACTGGGTGAGGCAGAGGCCTGAACAGGGACTTGAGTGGATTGGATGGATTTTTCCTGGAGATGGTGGTACTCACTACAATGAGAAGTTCCAGGGCAGGGCCACACTGACTACAGACAAATCCTCCAGCACAGCCTACATGCAGCTCAGCAGGCTGACATCTGAGGACTCTGCTGTCTATTTCTGTGCAAGAGGGGGCTACTATGATTACGACGGGATTGACTTCTGGGGCCAAGGCACCACTCTCACAGTCTCCTCA
plate3	16-SMARTindex	N476/9.2	2946	99.5	CTATCTCTCTCACTGGAGGCTGATTTTTGAAGAAAGGGGTTGTAGCCTAAAAGATGATGGTGTTAAGTCTTCTGTACCTGTTGACAGCCCTTCCGGGTATCCTGTCAGAGGAGCAGCTTCAGGAGTCAGGACCTAGCCTCGTGAAACCTTCTCAGACTCTGTCCCTCACCTGTTCTGTCACTGGCGACTCCATCACCAGAGGTTACTGGAACTGGATCCGGAAATTCCCAGGAAATAAACTTGAGTACTTGGGGTACATTGCCTACGGTGATACTACTTACTACAATCCGTCTCTCAAAGGTCGAATCTCCATCACTCGAGACACATCCAAGAACCAGTTCTACCTGCAGTTGAATTCTGTGTCTACTGAGGACACAGCCACATATTACTGTGCAAGTACTGGAACCTTTGCTTACTGGGGCCAAGGGACTCAGGTCACTGTCTCTGCA
plate3	17-SMARTindex	N385/24.2.4	642	93.3	AGCTCTGACAGAGGAGCCAAGCCCTGGATTCCCAGGTCCTCACATTCAGTGATCAGCACTGAACACAGACCACTCACCATGGACTCCAGGCTCAATTTAGTTTTCCTTGTCCTTATTTTAAAAGGTGTCCAGTGTGATGTGCAGCTGGTGGAGTCTGGGGGAGGCTTAGTGCAGCCTGGAGGGTCCCGGAAACTCTCCTGTGCAGCCTCTGGATTCACTTTCAGTAGTTTTGGAATGCACTGGGTTCGTCAGGCTCCAGAGAAGGGGCTGGAGTGGGTCGCATACATTAGTAGTGGCAGTAGTACCATCTACTATGCAGACACAGTGAAGGGCCGATTCACCATCTCCAGAGACAATCCCAAGAACACCCTGTTCCTGCAAATGACCAGTCTAAGGTCTGAGGACACGGCCATGTATTACTGTACAAGATCGGATATTACGGTAGTGGGGGCTATGGACTACTGGGGTCAAGGAACCTCAGTCACCGTCTCCTCA
plate3	19-SMARTindex	N414/25.1.1	2392	99.7	GAAGCAAAGGGGATCAGCCCGAGATTCTCATTCAGTGATCAACACTGAACACACATCCCTTACCATGGATTTTGGGCTGATTTTTTTTATTGTTGCTCTTTTAAAAGGGGTCCAGTGTGAGGTGAAGCTTCTCGAGTCTGGAGGTGGCCTGGTGCAGCCTGGAGGATCCCTGAAACTCTCCTGTGCAGCCTCAGGATTCGATTTTAGTAGATACTGGATGAATTGGGTCCGGCAGGCTCCAGGGAAAGGGCTAGAATGGATTGGAGAAATTAATCCAGATAGCAGTACGATAAACTATACGCCATCTCTAAAGGATACATTCATCATCTCCAGAGACAACGCCAAAAATACGCTGTACCTGCAAATGAGCAAAGTGAGATCTGAGGACACAGCCCTTTATTACTGTGTAAGACCCTACTATAGGTACGAGGGGTTTGCTTACTGGGGCCAAGGGACTCTGGTCACTGTCTCTGCA
plate3	20-SMARTindex	N100/13.1	4322	99.9	AACCCATGATCAGTATCCTCTCCACAGTCACTGAACACACTGACTCAAACCATGGAATGGTGCTGGGTCTTTCTCTTCCTCCTGTCAGTAACTGCAGGTGTCCACTCCAAGGTCCAGCTGCAGCAGTCTGGAGCTGAGCTGGTGAATCCCGGGGCATCAGTGAAGCTGTCCTGCCAGGCTTCTGGCTACACCTTCACTGAGTATATTATACACTGGGTAATACAGAGGTCTGGACAGGGTCTTGAGTGGATTGGGTGGTTTTACCCTGGAAGTGATCATATAAAGTACAATGAGAAATTCAAGGACAAGGCCACATTGACTGCGGACAAATCCTCCAGCACAGTCTATATGGAGCTTAGTAGATTGACATCTGAAGACTCTGCGGTCTTTTTCTGTGCAAGACACGCCCCCCCCTATGCTATGGACTACTGGGGTCAAGGAACCTCAGTCACCGTCTCCTCA
plate3	21-SMARTindex	N424/48.1.2	3994	99.6	ACAAGTGTGCAGCCATGGGCAGGCTTACTTCTTCATTCCTGCTACTGATTGTCCCTGCATATGTCCTGTCCCAGGTTACTCTGAAAGAGTCTGGCCCTGGGATATTGCAGCCCTCCCAGACCCTCAGTCTGACTTGTTCTTTCTCTGGGTTTTCACTGAGCACTTCTGGTATGGGTGTAGGCTGGATTCGTCAGCCATCAGGGAAGGGTCTGGAGTGGCTGGCACACATTTGGTGGGATGATGTCAAGCGCTATAACCCAGCCCTGAAGAGCCGACTGACTATCTCCAAGGATACCTCCAGCAGCCAGGTATTCCTCAAGATCGCCAGTGTGGACACTGCAGATACTGCCACATACTACTGTGCTCGGGTATGGTCACACTTTGACTACTGGGGCCAAGGCACCACTCTCACAGTCTCCTCA
plate3	22-SMARTindex	N483/84.2 IM	456	97.9	AGCTCTGACAGAGGAGGCCTGTCCTGGATTCGATTCCCAGTTCCTCACATTCAGTCAGCACTGAACACGGACCCCTCACCATGAACTTCGGGCTCAGCTTGATTTTCCTTGTCCTTGTTTTAAAAGGTGTCCAGTGTGAAGTGATGCTGGTGGAGTCTGGGGGAGGCTTAGTGAAGCCTGGAGGGTCCCTGAAACTCTCCTGTGCAGCCTCTGGATTCACTTTCAGTACCTATGCCATGTCTTGGGTTCGCCAGACTCCGGAGAAGAGGCTGGAGTGGGTCGCAACCATTAGTAGTTATGGTACTTACACCTACTATCCAGACAGTGTGAAGGGGCGATTCACCATCTCCAGAGACAATGCCAAGAGCACCCTGTACCTTCAAATGAGCAGTCTGAGGTCTGAGGACACGGCCATGTATCACTGTGCAAGACATGGGGATGATGGATACCCTTATTACTTTGACTACTGGGGCCAAGGCACCACTCTCACAGTCTCCTCA
plate3	23-SMARTindex	N330A/80.1	9196	99.4	ACAAGTGTGCAGCCATGGGCAGGCTTACTTCTTCTTTCCTGCTACTGATTGTCCCTGCATATGTCCTGTCCCAGGTTACTCTGAAAGAGTCTGGCCCTGGGATATTGCAGCCCTCCCAGACCCTCAGTCTGACTTGTTCTCTCTCTGGGTTTTCACTGAGCACTTCTGGTATGGGTGTAGGCTGGATTCGTCAGCCATCAGGGAAGGGTCTGGAGTGGCTGGCACACATTTGGTGGGATGGTTACAAGCGCTATAACCCAGCCCTGAAGAGCCGACTGACTATCTCCAAGGATACCTCCAGCAGCCAGGTATTCCTCAAGATCGCCGGTGTGGACACTGCAGATACTGCCACATACTACTGTGCTCGAATAGTGGGGTCCGACTATGATTACGACGACTATACTATGGACTACTGGGGTCAAGGAACCTCAGTCACCGTCTCCTCA
plate3	24-SMARTindex	N474/27.1.1	1962	89.2	ACAGTCACTGAAAACATTGACTCTAATCATGGAATGTAACTGGATACTTCCTTTTATTCTGTCGGTAACTTCAGGGGTCTACTCAGAGGTTCAGTTCCAGCAGTCTGGGACTGTGCTGGCAAGGCCTGGGACTTCAGTGAAGATGTCCTGCAAGGCTTCTGGCTACACCTTTACCAGCTACTGGATGCACTGGGTAAAACAGAGGCCTGGACAGGGTCTAGAATGGATTGGCGCTATTTATCCTGGAAATAGTGATGCTGACTACAACCAGAAGTTCAAGGGCAAGGCCAAACTGACTGCTGTCACATCCACCAGCACTGCCTACATGGAGCTCAGCAGCCTGACAAATGAAGACTCTGCGGTCTATTACTGTACAAGAAATAGAGGAGGCTACTGGGGCCAAGGCACCACTCTCACAGTCTCCTCA
plate3	25-SMARTindex	N445/27.1	791	94.5	GACAGACGCACAACCCTGGACTCACAAGTCTTTCTCTTCAGTGACAAACACAGAAATAGAACATTCACCATGTACTTGGGACTGAACTGTGTATTCATAGTTTTTCTCTTAAAAGGTGTCCAGAGTGAAATAAAGCTTGAGGAGTCTGGAGGAGGCTTGGTGCAACCTGGAGGATCCATGAAACTCTCCTGTGTTGCCTCTGGATTCACTTTCAGTAACTACTGGATGAACTGGGTCCGCCAGTCTCCAGAGAAGGGGCTTGAATGGGTTGCTGAAATTAGATTGAAATCTAATGATTATGCAACACATTATGCGGAGTCTGTGAAAGGGAGGTTCACCATCTCAAGAGATGATTCCAAAAGTAGTGTCTACCTGCAAATGAACAACTTAAGAGCTGAAGACACTGGCATTTATTACTGTAACTCCGGTAGTATCTTCTTTGACACCTGGGGCCAAGGCACCACTCTCAGAGTCTCCTCA
plate3	26-SMARTindex	N483/126.2	3399	99.8	GACAACCTATGAACAATGTTCTCTCCACAGTCCCTGAAGACACTGATTCTGACCATGGGATGGAGCTGGGTCTTTCTCTTCCTCCTGTCAGTAACTGCAGGTGTCCACTCCCAGATTCAGCTGCAGCAGTCTGGAGTTGAAGTGGTAAAGCCTGGGGCCTCAGTGAAGTTGTCCTGCAAGACTTCTGGCTACACCTTCACAAACTATGATATAAACTGGGTGAGGCAGAGGCCTGAACAGGGACTTGAGTGGATTGGATGGATTTTTCCTGGAGATGGTGATTCTAAGTACAATGAGAAGTTCGAAGACAAGGCCACACTGACTACAGACAAATCCTCCAGCACAGCCTACATGCAGCTCAGCAGGCTGACATCTGAGGACTCTGCTGTCTATTTCTGTGCAAGACTCGGTTCTGGTTACTCATACTTTGACTACTGGGGCCAAGGCACCACTCTCACAGTCTCCTCA
plate3	27-SMARTindex	N419/40.1	4562	99.6	AGCATATGATCAGTGTCCTCTCCAAAGTCCTTGAACATAGACTCTTACCATGGAATGGACCTGGGTCTTTCTCTTCCTCCTGTCAGTTACTGCAGGTGTCCACTCCCAGGTTCAGCTGCAGCAGTCTGGAGCTGAGGTGATGAAGCCTGGGGCCTCAGTGAGGATTTCCTGCAAGGCTACTGGCTACACATTCAGTAGCGACTGGATAGAGTGGGTAAAGCAGAGGCCTGGACATGGCCTTGAGTGGATTGGAGAGATTTTACCTGGAAGTGGCAGTACTAACTACAATGAGAAGTTCAAGGGCAAGGCCACATTCACTGCAGATACATCCTCCAACACAGCCTACATGCAACTCAGCAGCCTGACATCTGAGGACTCTGCCGTCTATTACTGTGCAAGAACTGTTTTGTTTGCTTACTGGGGCCAAGGGACTCTGGTCACTGCCTCTGCA
plate3	28-SMARTindex	N140A/12.2	1918	99.7	ATAAGGTCACTGTTCTCACTACAGTTACTGAGCACACAGACCTCACCATGGGATGGAGCTCTATCATCCTCTTCTTGGTAGCAACAGCCTCAGGTGTCCACTCCCAGGTCCAACTGCAGCAACCTGGGTCTGAGCTGGTGAGGCCTGGAGCTTCAGTGAACCTGTCCTGCAAGGCTTCTGGCTACACATTCACCAGCTACTGGATGCACTGGGTGAAGCAGAGGCCTGGACAAGGCCTTGAGTGGCTCGGAAATATTTATCCTGGTACTGGTAGGACTAACTACGATGAGAAGTTCGAAACCAAGGCCACACTGACTGTAGACACATCCTCCAGCACAGCCTACATGCAGCTCAGAAGCCTGACATCTGAGGACTCTGCGGTCTATTATTGTACAAGAGGAGGTGACTACTATGGTGCTTTTGCTTATTGGGGCCAAGGGACTCTGGTCACTGTCTCTGCA
plate3	29-SMARTindex	N112B/14.1	1348	99.3	ACATCGCTCTCACTGGAGGCTGATCTCTGAAGATAAGGAGGTGTAGCCTAAAAGATGAGAGTGCTGATTCTTTTGTGGCTGTTCACAGCCTTTCCTGGTTTCCTGTCTGATGTGCAGCTTCAGGAGTCGGGACCTGGCCTGGTGAAACCTTCTCAGTCTCTGTCCCTCACCTGCACTGTCACTGGCTACTCACTCACCAGTGATTATGCCTGGAACTGGATCCGGCAGTTTCCAGGAAACAAACTGGAGTGGCTGGGCTACATAACCTACAGTGGTTTCACTGGCTACAACCCATCTCTCAACAGTCGAATCTCTATCACTCGAGACACATCCAAGAACCAGTTCTTCCTGCAGTTGAATTCTGTGACTACTGAGGACACAGCCACATATTTCTGTGCAAGAGGAGGAACCCTTGTTTCCTGGGGCCAAGGGACTCTGGTCACTGTCTCTACA
plate3	30-SMARTindex	N459/94.3	609	99.7	GACAGAGGAGGCCAGTCCTGGATTTGAGTTCCTCACATTCAGTGATGAGCACTGAACACAGACACCTCACCATGAACTTCGGGTTCAGCTTGATTTTCCTTGTCCTTGTTTTAAAAGGTGTCCAGTGTGAAGTGAAGCTGGTGGAGTCTGGGGGAGGCTTAGTGAAGCCTGGAGGGTCCCTGAAAGTCTCCTGTGTAGCCTCTGGATTCACTTTCAGTAGCTCTGCCATGTCTTGGGTTCGCCAGACTCTAGAGAAGAGGCTGGAGTGGGTCGCATCCATTAGTAGTGTTGGTAGTGTCTACTATCCAGACAGTGTGAAGGGCCGATTCACCATCTCCAGAGATAATGCCAGGAACATCCTGTACCTGCAAATGAGCAGTCTGAGGTCTGAGGACACGGCCATGTATTACTGTGCAAGAGGCAAGAAATATGGTAACTACCTTTACTATGCTATGGACTACTGGGGTCAAGGAACCTCAGTCACCGTCTCTTCA
plate3	31-SMARTindex	N448/40.3	1394	95.2	ACCGCTTATGATCAGAATCCTCTTCACAGTCATTGAAAACACTGACTCTAATCATGGAATGTAACTGGATACTTCCTTTTATTCTGTCGGTAATTTCAGGGGTCTATTCAGAGGTTCACCTCCAGCAGTCTGGGACTGTGCTGGCAAGGCCTGGGGCTTCCGTGAAGATGTCCTGCAAGGCTTCTGGCTACAGTTTTACCAGCTACTGGATGCACTGGGTAAAACAGAGGCCTGGACAGGGTCTGGAATGGATTGGTGCTATTCATCCTGGAAAAAGTGATACTCCTTACAACCAGAAGTTCAAGGGCAAGGCCAAAGTGACTGCAGTCACATCCGCCACCACTGCCTACATGGAGCTCAGCAGCCTGACAAATGAGGACTCTGCGGTCTATTACTGTACAAGAGGTAGTAAAAACTGGTACTTCGATGTCTGGGGCGCAGGGACCACGGTCACCGTCTCCTCA
plate3	32-SMARTindex	N460/19.10.1	3108	99.9	ATGAGATCACTGTTCTCTCTACAGTTACTGAGCACACAGGACCTCACCATGGGATGGAGCTATATCATCCTCTTCTTGGTAGCAACAGCTACAGGTGTCCACTCTCAGGTCCAACTGCAGCAGCCTGGGGCTGAGCTTGTGAAGCCTGGGACTTCAGTGAAGCTGTCCTGCAAGGCTTCTGGCTACAACTTCACCAGCTACTGGATAAACTGGGTGAAGCTGAGGCCTGGACAAGGCCTTGAGTGGATTGGAGATATTTATCCTGGTAGTGGTAGTACTAAGTACAATGAGAAGTTCAAGAGCAAGGCCACACTGACTGTAGACACATCCTCCAGCACAGCCTACATGCAACTCAGCAGCCTGGCATCTGAGGACTCTGCTCTCTATTACTGTGCAAGAGACCCTTTTTACTATGCTATGGACTACTGGGGTCAAGGAACCTCAGTCACCGTCTCCTCA
plate3	33-SMARTindex	N364/42.1	818	99.2	GACAGAGGAGGCCAGTCCTGGATTTGAGTTCCTCACATTCAGTGATGAGCACTGAACACAGACACCTCACCATGAACTTCGGGTTCAGCTTGATTTTCCTTGTCCTTGTTTTAAAAGGTGTCCAGTGTGAAGTGAAGCTGGTGGAGTCTGGGGGAGACTTAGTGAAGCCTGGAGGGTCCCTGAAACTCTCCTGTGCAGCCTCTGGATTCACTTTCAATAGCTATGTCATGTCTTGGGTTCGCCAGAATTCAGAGAAGAGGCTGGAGTGGGTCGCATCCATTAGTAATGGTGGTGATACCTACTATCCAGACAGTGTGAAGGGCCGATTCACCATCTCCAGAGATAATGCCAGGAACATCCTGTACCTGCAAATGAGCAGTCTGAGGTCTGAGGACACGGCCATGTATTACTGTGCAAGAGAAACGTATGGTAAAGGGTTTGCTTACTGGGGCCAAGGGACTCTGGTCACTGTCTCTGCA
plate3	34-SMARTindex	N105/13.1	1199	99.7	AACCTATGATCAGTGTCATCTCCACAGTCCCTGAACACACTGACTCTAACCATGGAATGGAGGATCTTTCTCTTCATCCTGTCAGGAACTGCAGGTGTCCACTCCCAGGTTCAGCTGCAACAGTCTGGACCTGAGCTGGTGAAGCCTGGGGCTTCAGTGAAAATGTCCTGCAAGGCTTCTGGATACACATTCACTGACTATGTTATAAGCTGGGTAAAGCAGAGAGCTGGACAGGGCCTTGAGTGGATTGGAGAGATTTCTCCTGGAAGTGGTAATAATAACTACAATGAGAAGTTCAAGGGCAGGGCCACACTGACTGCAGACAAATCCTCCAACACAGCCTACATGCAGCTCAGCAGCCTGACATCTGAGGACTCTGCGGTCTATTTCTGTGCAAGAGCCCTCGGGCTACGTCCGGCCTGGTTTGCTTACTGGGGCCAAGGGACTCTGGTCACTGTCTCTGCA
plate3	35-SMARTindex	N423/75.1	2058	94.7	ATATGAGCCCTATCTTCTCTACAGACACTGAATCTCAAGGTCCTTACAATGAAATGCAGCTGGGTTATCTTCTTCCTGATGGCAGTGGTTACAGGGGTCAATTCAGAGGTTCAGCTGCAGCAGTCTGGGGCAGAGCTTGTGAAGCCAGGGGCCTCAGTCAAGTTGTCCTGCACAGCTTCTGGCTTCAAAATTAAAGACACCTATATGCACTGGGTGAAGCAGAGGCCTGAACAGGGCCTGGACTGGATTGGAAGGATTGATCCTGCGAATGGAAATAGTAAATATGACCCGAAGTTCCAGGGCAAGGCCACTATAACATCAGACACATCCTCCAACACAGCCTACCTGCAGTTCAGCAGCCTGACATCTGGGGACACTGCCGTCTATTACTGTGCTAGATGGGGCATGGGAGGATTTACTTACTGGGGCCAAGGGACTCTGGTCACTGTCTCTGCA
plate3	36-SMARTindex	N364/10.1	868	99.7	ATGAGCACTGTTTTCTCTACAGTCACTGAATCTCAAGGTCCTTACAATGAAATGCAGCTGGGTCATCTTCTTCCTGATGGCAGTGGTTACAGGGGTCAATTCGGACGTTCAGCTGCAGCAGTCTGGGGCTGAACTTGTTAGGCCAGGGGCCTTAGTCAAGTTGTCCTGCAAAACTTCTGGCTTCGACATTAAAGACTACTATATAAACTGGGTGAAGCAGCGGCCTGAACAGGGCCTGGAGTGGATTGGATGGATTGATCCTGAGAATGGTAATACTGTATATGACCCGAGGTTCCAGGGCAAGGCCAGTATAACAGCAGACACATCCTCCAATACAGCCAACCTGCAGCTCAGCAGCCTGACATCTGAGGACACTGCCGTCTATTACTGTGTTATAACGGAGGATGATTACGGAGACTTTGACTACTGGGGCCAAGGCACCACTCTCACAGTCTCCTCA
plate3	37-SMARTindex	N120A/9.1	1699	99.6	AAGGGAGTGACCAGTTAGTCTTAAGGCACCACTGAGCCCAAGTCTTAGACATCATGGCTTGGGTGTGGACCTTGCTATTCCTGATGGCAGCTGCCCAAAGTATCCAAGCACAGATCCAGTTGGTGCAGTCTGGACCTGAGCTGAAGAAGCCTGGAGAGACAGTCAAGATCTCCTGCAAGGCCTCTGGTTATACCTTCACAGACTATTCAATGAACTGGGTGAAGCAGGCTCCAGGAAAGGGTTTAAAGTGGATGGGCTGGATAAACACTGAGACTGGTGAGCCAACATATGCAGATGACTTCAAGGGACGGTTTGCCTTCTCTTTGGAAACCTCTGCCAGCACTGCCTATTTGCAGATCAACAACCTCAAAAATGAGGACCCGGCTACATATTTCTGTTCTAGAGACCCCTTTGACTACTGGGGCCAAGGCACCACTCTCACAGTCTCCTCA
plate3	38-SMARTindex	N351/24.2	1763	99.9	ATATGAGCCCTATCTTCTCTACAGACACTGAATCTCAAGGTCCTTACAATGAAATGCAGCTGGGTTATCTTCTTCCTGATGGCAGTGGTTACAGGGGTCAATTCTGAGGTTCAGCTGCAGCAGTCTGGGGCAGAGCTTGTGAAGCCAGGGGCCTCAGTCAAGTTGTCCTGCACAGCCTCTGGCTTCAACATTAAGGACACCTATATACACTGGGTGAACCAGAGGCCTGAACAGGGCCTGGAGTGGATTGGAAGGATTGATCCTGCGAACGGTAAAACTAAAAATGACCCGAAGTTCCAGGGCAAGGCCACTATAACAGCAGACACATCCTCCAACACAGCCTACCTGCAGCTCAGCAGCCTGACATCTGAGGACACTGCCGTCTATCACTGTGCCGCCTATGGTTACTACGGGGCTTACTGGGGCCAAGGGACTCTGGTCACTGTCTCTGCA
plate3	39-SMARTindex	N455/15.1	1102	99.5	ATATGAGCCCTATCTTCTCTACAGACACTGAATCTCAAGGTCCTTACAATGAAATGCAGCTGGGTTATCTTCTTCCTGATGGCAGTGGTTACAGGGGTCGATTCAGAGGCTCATCTGCAGCAGTCTGGGGCAGAGCTTGTGAAGCCAGGGGCCTCAGTCAAGTTGTCCTGCACAGTTTCTGGCTTCAACATTAAAGACACCTATTTGCACTGGGTAAAGCAGAGGCCTGAACAGGGCCTGGAGTGGATTGGAGGGATTGATCCTGCGAATGGTGATACTAAATATGACCCGAAGTTCCAGGGCAAGGCCACTATAACAACAGACACATCCTCCAACACAGCCTATTTACAGCTCAGCAGCCTGACATCTGAGGACACTGCCGTCTATTACTGTGAGGACAGCTCGGGCTACGTGGGCTTTGACTACTGGGGCCAAGGCACCACTCTCACAGTCTCCTCA
plate3	40-SMARTindex	N458/10.4.1	1930	99.8	ACAAGTGTGCAGCCATGGGCAGGCTTACTTCTTCATTCCTGCTACTGATTGTTCCTGCATATGTCCTCTCCCAGGTTACTCTGAAAGAGTCTGGCCCTGGGATATTGCAGCCCTCCCAGACCCTCAGTCTGACTTGTTCTTTCTCTGGGTTTTCACTGACTAATTATGGTACAGGAGTAGCCTGGATTCGTCAGCCTTCAGGGAAGGGTCTGGAGTGGCTGGCACACATTTGGTGGAATGATAATAAGTACTATAACACAGCCCTGAAGAGCCGGCTCACACTCTCCAAGGATTCCTCCAACAACCAGGTATTCCTCAAGATCGCCAGTGTGGACACTGCAGATACTGCCACATACTACTGTGCTCGACATAGGTACGGCTTTGCTTACTGGGGCCAAGGGACTCTGGTCACTGTCTCTGCA
plate3	41-SMARTindex	N341/12.5	119	98.3	AGGCAGAGAACTTTAGCCCTGTCTTCCTTTTTGTGTTCAGCACTGACATTATAACATTGAACATGCTGTTGGGGCTGAAGTGGGTTTTCTTTGTTGTTTTTTATCAAGGTGTGCATTGTGAGGTGCAACTTGTTGAGACTGGTGGAGGATTGGTGCAGCCAAAAGGGTCATTGAAACTCTCATGTGTAGCCTCTGGATTCACCTTCAATACCAATGCCATGAACTGGGTCCGCCAGGCTCCAGGAAAGGGTTTGGAATGGGTGGCTCGCATAAGAAGTAAAACTAATAATTATGCAACATATTATGCCGATTCAGTGAAAGGCAGGTTCACCATCTCCAGAGATGATTCACAAACCATGCTCTATCTGCAAATGAACAACTTGAAAACTGAGGACACAGGCATGTATTACTGTGTGAGGAACTGGGACGGATTTGCTATGGACTACTGGGGTCAAGGAACCTCAGTCACCGTCTCCTCA
plate3	42-SMARTindex	N008B/1.1	1001	99.6	GACAGACGCACAACCCTGGACTCACAAGTCTTTCTCTTCAGTGACAAACACAGAAATAGAACATTCACCATGTACTTGGGACTGAACTGTGTATTCATAGTTTTTCTCTTAAAAGGTGTCCAGAGTGAAGTGAAGCTTGAGGAGTCTGGAGGAGGCTTGGTGCAACCTGGAGGATCCATGAAACTCTCCTGTGTTGCCTCTGGATTCACTTTCAGTAACTACTGGATGAACTGGGTCCGCCAGTCTCCAGAGAAGGGGCTTGAGTGGGTTGCTGAAATTAGATTGAAATCTAATAATTATGCAACACATTATGCGGAGTCTGTGAAAGGGAGGTTCACCATCTCAAGAGATGATTCCAAAAGTAGTGTCTACCTGCAAATGAACAACTTAAGAGCTGAAGACACTGGCATTCATTACTGTGCAGCTGGGACCTTTGACTACTGGGGCCAAGGCACCACTCTCACAGTCTCCTCA
plate3	43-SMARTindex	N448/88.2.1	3064	99.9	GACACATGACCAATATCCTCTCCACATTCCCTTAAGACACTGACTCTAAACATGGGATGGATCTGGATCTTTCTCTTCCTCCTGTCAGGAACTGCAGGTGTCCACTCTGAGGTCCAGCTGCTGCAGTCTGGACCTGAGCTAGTGAAGACTGGGGCTTCAGTGAAGATATCCTGCAAGGCTTCTGGTTACTCATTCACTGATTACTACATGCACTGGGTCAAGCAGAGCCATGGAAAGAGCCTTGAGTGGATTGGATATATTGATTGTTTCAATGGTGCTACTACCTACAAGCAGAAGTTCAAGGGCAAGGCCACATTTACTGTAGACACATCCTCCAGCACAGCCTACATGCAGCTCAACAGCCTGACATCTGAAGACTCTGCGGTCTATTACTGTGCAAGAGGGGGTAACTACTATGCTATGGACTACTGGGGTCAAGGAACCTCAGTCACCGTCTCCTCG
plate3	44-SMARTindex	N424/45.1.1	2009	99.8	GCATATGATCAGTAACCTCTTCACAGTCACTGAAAACACTGACTCTAATCATGGAATGTAACTGGATACTTCCTTTTATTCTGTCAGTAACTTCAGGTGTCTACTCGCAGGTTAAGTTCCAGCAGTCTGGGGCTGAACTGGCAAGACCTGGGGCTTCAGTGAAGTTGTCCTGCAGGGCTTCTGGCTACATTTTTACTAGCTACTGGATACAGTGGGTAAAACAGAGGCCTGGACAGGGTCTGGAATGGATTGGGGGTATTTATCCTGGAGATGGTGATACTAAGTACTCTCAGAATTTCAAGGGCAAGGCCACATTGACTGCAGATAAATCCTCCAGCACAGCCTACATGCAACTCAGCAGCTTGACATCTGAGGACTCTGCGGTCTATTACTGTGCAAGAGCCGATTACTACGGCTTTGACTACTGGGGCCAAGGCACCACTCTCACAGTCTCCTCA
plate3	45-SMARTindex	N221/12.1	3742	100	GGTCTCTCTGCAGTTACTAGGCACACAGGACCTCACCATGAGATGGAGCTGTATCATCCTCTTCTTGGTAGCTACAGCTACAGGTGTCACCTCCCAGGTCCAATTACAGCAGCCCGGGGCTGAACTTGTACTGCCTGGGGCTTCAGTGCGGATGTCCTGCAAGGCTTCTGGCTACACATTCACTGACTACTGGATGCACTGGGTGAAACAGAGGCCTGGACAAGGCCTTGAATGGATCGGAGCGATTGATACTTCTGATAGTTATGCAGACTATAGTCAGAAGTTCAAGGTCAGGGCCACATTGACTGTGGACGCATCCTCCAGCACAGCCTACATGCAACTCAGCAGCCTGACATCTGAGGACTCTGCGGTCTATTACTGTGCAACCTACTATGGTAAAAACGGGGCTATGGACTTCTGGGGTCAAGGAACCTCAGTCACCGTCTCCTCA
plate3	46-SMARTindex	N212A/34.1	246	98.8	AGCTCTGACAGAGGAGGCCGGTCCTGGATTCGATTCCCAGTTCCTCACATTCAGTCAGCACTGAACACGGACTCCTCACCATGAACTTCGGGCTCAGCTTGATTTTCCTTGCCCTCATTTTAAAAGGTGTCCAGTGTGAGGTTCAGCTGGTGGAGTCTGGGGGAGACTTAGTGAAGCCTGGAGGGTCCCTGAAACTCTCCTGTGCAGCCTCTGGATTCACTTTCAGTAACTATGGCATGTCTTGGGTTCGCCAGACTCCAGACAAGAGGCTGGAGTGGGTCGCAACCATTAGTAATGATGGTAGTTACACCTACTATCCAGACAGTGTGAAGGGGCGATTCACCATCTCCAGAGACAATGCCAAGAACACCCTGTACCTGCAAGTGAGCAGTCTGAAGTCTGAGGACACAGCCATTTATTACTGTACACGACAATATAGGTTCGACCTAGACGCGATTTTTGGTTACTGGGGCCAAGGGACTCTGGTCACTGTCTCTGCA
plate3	47-SMARTindex	N385/21.1	1422	98.1	ATCTCTCTCACTGGAGGCTGATTTTTGAAGAAAGGGGTTGTAGCCTAAAAGATGATGGTGTTAAGTCTTCTGTACCTGTTGACAGCCCTTCCGGGTATCCTGTCAGAGGTGCAGCTTCAGGAGTCAGGACCTAGCCTCGTGAAACCTTCTCAGACTCTGTCCCTCACCTGTTCTGTCACTGGCGACTCCATCACCAGTGGTTACTGGAACTGGATCCGGAAATTCCCAGGGAATATACTTGAGTACATGGGGTACATTGGCTACAGTGGTAGCACTTACTACAGTCCATCTCTCAAAAGTCGAATCTCCATCACTCGAGACACATCCAAGAACCAGTACTACCTGCAATTGAATTCTGTGACTACTGAGGACACAGCCACATATTACTGTTCAAGAGGTTACTATGCTATGGACTACTGGGGTCAAGGAACCTCAGTCACCGTCTCCTCA
plate3	48-SMARTindex	N490/24.3	2310	99.9	ACAAGTGTGCAGACATGGACAGGCTTACTTCTTCATTCCTGCTGCTGATTGTCCCTGCATATGTCTTGTCCCAAGTTACTCTAAAAGAGTCTGGCCCTGGGATATTGAAGCCCTCACAGACCCTCAGTCTGACCTGTTCTTTCTCTGGGTTTTCACTGAGCACTTCTGGTATGGGTGTAGGCTGGATTCGTCAGCCTTCAGGGAAGGGTCTGGAGTGGCTGGCACACATTTGGTGGGATGATTATAAGTACTATAACCCATCCCTGAAGAGCCAGCTCACAATCTCCAAGGATACCTCCAGAAACCAGGTATTCCTCAAGATCACCAGTGTGGACACTGCAGATACTGCCACTTACTACTGTGCTCGAAGAGATGGTAACTACGTAGGGTCCTATGCTATGGACTACTGGGGTCAAGGAACCTCAGTCACCGTCTCCTCA
plate3	49-SMARTindex	N375/67.1	1620	99.6	ATATGAACACTGTTTTCTCTACAGTCACTGAATCTCAAGGTCCTTTCAATGAAATGCAGCTGGGTCATCTTCTTCCTGATGGCAGTGGTTATAGGAATCAATTCAGAGGTTCAGCTGCAGCAGTCTGGGGCAGAGGTTGTGAGGTCAGGGGCCTCAGTCAAGTTGTCCTGCACAGCTTCTGGCTTCAACATTAAAGACTACTATATACACTGGGTGATGCAGAGGCCTGAACAGGGCCTGGAGTGGGTTGGGTGGATTGATCCTGAGAATGGTGATACTGAATATGCCCCGAAGTTCCAGGGCAAGGCCACTGTGACTGCAGACACATCCTCCAACACAGCCTACCTGCAGCTCAGCAGCCTGACATCTGAGGACACTGCCGTCTATTACTGTAAATGGGATGGTTACTACGGATACTATGCTATGGACTCCTGGGGTCAAGGAACCTCAGTCACCGTCTCCTCA
plate3	50-SMARTindex	N391/68.6	1430	99.9	ATATGAACACTGTTTTCTCTACAGTCACTGAATCTCAAGGTCCTTACAATGAAATGCAGCTGGGTCATCTTCTTCCTGATGGCAGTGGTTATAGGAATCAATTCAGAGGTTCAGCTGCAGCAGTCTGGGGCAGAGCTTGTGAGGTCAGGGGCCTCAGTCAAGTTGTCCTGCACAGGTTCTGGCTTCAACATTAAAGACTACTATATGCAGTGGGTGAAGCAGAGGCCTGAACAGGGCCTGGAGTGGATTGGATGGATTGACCCTGAGAATGGTGACACTGAATATGCCCCGAAGTTCCAGGGCAAGGCCACTATGACTGCAGACACATCCTCCAACACAGCCTACCTGCAGCTCAGCAGCCTGACATTTGAGGACACTGCCGTCTATTACTGTAATGGGTGGGGGGCTTATTGGGGCCAAGGGACTCTGGTCACTGTCTCTGCA
plate3	51-SMARTindex	N098/47.1	3900	99.8	AAAAACATGAGATCACAGTTCTCTCTACAGTTACTGAGCACACAGGAACTCACCATGGGATGGAGCTATATCATCCTCTTTTTGGTAGCATCAGCAACAGGTGTCCACTCCCAGGTCCAACTGCAGCAGTCTGGGGCTGAACTGGTGAAGCCTGGGGCTTCAGTGAAGTTGTCCTGCAAGGCTTCTGGCTACACCTTCACCAGGTACTATCTGTACTGGGTGAAACAGAGGCCTGGACAGGGCCTTGAGTGGATTGGAGAGATCAATCCCAGCAATGGTGTTACTAACTTCAATGAGAAGTTCAAGAGAAAGGCCACACTGACTGTAGACAAATCCTCCAGTACAGCATACATGCAATACAGCAGCCTGACATCTGAGGATTCTGCGGTCTACTACTGTTTTAACTGGGGCCTTGCTTATTGGGGCCAAGGGACTCTGGTCACTGTCTCTGCA
plate3	52-SMARTindex	N170A/26.2	3599	99.9	ATAAGGTCATTGTTCTCACTACAGTTACTGAGCACACAGACCTCACCATGGGATGGAGCTGTATCATCCTCTTCTTGGTAGCAACAGCTACAGGTGTCCACTCCCAGGTCCAACTGCAGCAACCTGGGTCTGAGCTGGTGAGGCCTGGAGCTTCAGTTAGGCTGTCCTGCAAGGCTTCTGGCTACACATTCACCAGCTACTGGATACACTGGGTGAAGCAGAGGCATGGACAAGGCCTTGAGTGGATTGGAGATATTTATCCTGGTAGTGGTGACACTTACTACGATGAGAAGTTCAAGAGCAAGGGCACACTGACTGTAGACACATCCTCCAGCACAGTCTACATGCACCTCAGCAGCCTGACATCTGAGGACTCTGCGGTCTATTACTGTACAAGAGAGGATTACTACGGTCGTAGACCCTTTGACTACTGGGGCCAAGGCACCACTCTCACAGTCTCCTCA
plate3	53-SMARTindex	N221/17.2 (tubes say 17.1 but are really 17.2)	3559	99.6	GGTCTCTCTGCAGTTACTAGGCACACAGGACCTCACCATGAGATGGAGCTGTATCATCCTCTTCTTGGTAGCTACAGTTACAGGTGTCACCTCCCAGGTCCAATTACAGCAGCCCGGGGCTGAGCTTGTACTGCCTGGGGCTTCAGTGCGGATGTCCTGCAAGGCTTCTGGCTACACATTCACTGACTACTGGATGCACTGGGTGAAACAGAGGCCTGGACAAGGCCTTGAATGGATCGGAGCGATTGATACTTCTGATAGTTATGCAGACTATAGTCAGAAGTTCAAGGTCAGGGCCACATTGACTGTGGACGCATCCTCCAGCACAGCCTACATGCAACTCAGCAGCCTGACATCTGAGGACTCTGCGGTCTATTACTGTGCAACCTACTATGGTAAAAACGGGGCTATGGACTTCTGGGGTCAAGGAACCTCAGTCACCGTCTCCTCA
plate3	54-SMARTindex	N283/7.1	203	98.1	AGCTCTGACAGAGGAGCCAAGCCCTGGATTCCCAGGTCCTCACATTCAGTGATCAGCACTGAACACAGACCACTCACCATGGACTCCAGGCTCAATTTAGTTTTCCTTGTCCTTATTTTAAAAGGTGTCCAGTGTGATGTGCAACTGGTGGAGTCTGGGGGAGGCTTAGTGCAGCCTGGAGGGTCCCGGAAACTCTCCTGTGCAGCCTCTGGATTCACTTTCAGTAACTTTGGAATTCACTGGGTTCGTCAGGCTCCCGAGAAGGGGCTGGAGTGGGTCGCATACATTAATAGTGGAAGTAGTACCATCTTGTATGCAGACACAGTGAAGGGCCGATTCACCGTCTCCAGAGACAATCCCAAGAACACCCTGTTCCTGCTAATGACCAGTCTAAGGTCTGAGGACACGGCCATGTATTACTGTGCAAGACGCTCCATTCCCCAATTCATTACTACGGCTACAGGGGCTATGGACTACTGGGGTCAAGGAACCTCAGTCACCGTCTCCTCA
plate3	55-SMARTindex	N393/76.1	7604	99.9	GGTCTCTCTGCAGTTACTAGGCACACAGGACCTCACCATGAGATGGAGCTGTATCATCCTCTTCTTGGTAGCAACAGCTACAGGTGTCAACTCCCAGGTCCAACTGCAGCAGCCTGGGGCTGAGCTTGTGATGCCTGGGGCTTCAGTGAAGATGTCCTGCAAGGCTTCTGGCTACACATTCACTGACTACTGGATGCACTGGGTGAAGCAGAGGCCTGGTCAAGGCCTTGAGTGGATCGGAGCGATTGATAGTTCTGATAGTTATACTAGGTACAATCAAAAGTTCAAGGGCAAGGCCACATTGACTGTAGACGAATCCTCCAGCACAGCCTACATGCAGCTCAGCAGCCTGACATCTGAGGACTCTGCGGTCTATTACTGTTTTTCCTACTATGGTACCTACTGGGGCCAAGGCACCACTCTCACGGTCTCCTCA
plate3	58-SMARTindex	N393/2.1	5584	99.1	AACATATGTCCAATGTCCTCTCCACAGACACTGAACACACTGACTCTAACCATGGGATGGAGCTGGATCTTTCTCTTCCTCCTGTCAGGAACTGCAGGCGTCCACTCTGAGGTCCAGCTTCAGCAGTCAGGACCTGAGCTGGTGAAACCTGGGGCCTCAGTGAAGATATCCTGCAAGGCTTCTGGATACACATTCACTGACTACACCATGCACTGGGTGAAGCAGAGCCATGGAAAGAGCCTTGAGTGGATTGGATATATTTATCCTTACAATGGTGGTACTGACTACAACCAGAAGTTCAAGAGCAAGGCCACATTGACTGTAGACAATTCCTCCAGCACAGCCTACATGGAGCTCCGCAGCCTGACATCTGAGGACTCTGCAGTCTATTACTGTGCATCTATGATTACGGACTACTGGGGCCAAGGCACCACTCTCACAGTCTCCTCA
plate3	59-SMARTindex	N006/38.1.5	2252	99.6	AAGGGAGTGACCAGTTTGTCTTAAGGCACCACTGAGCCCAAGTCTTAGACATCATGGATTGGCTGTGGAACTTGCTATTCCTGATGGCAGCTGCCCAAAGTGCCCAAGCACAGATCCAGTTGGTGCAGTCTGGACCTGAGCTGAAGAAGCCTGGAGAGACAGTCAAGATCTCCTGCAAGGCTTCTGGGTATATCTTCACAAACTTTGGAATGAACTGGGTGCAGCAGGCTCCAGGAAAGGATTTAAAGTGTATGGGCTGGATAAACACCTACACTGGAGAGCCAACATATGCTGATGACTTCAAGGGACGATTTGCCTTCTCTTTGGAAGCCTCTGCCAACACTGCCTATTTGCAGATCAACAACCTCAAAAATGAGGACATGGGTACATATTTCTGTGCAAGACGTACTAATGTCTTTGACTACTGGGGCCAAGGTACCACTCTCACAGTCTCCTCA
plate3	60-SMARTindex	N192/12.1	1489	99.8	ATCCTCTTCTCATAGAGCCTCCATCAGACCATGACTGTCCTGGCACTGCTCCTCTGCCTGGTGACATTCCCAAGCTGTGTCCTGTCCCAGGTGCACCTGAAGGAGTCAGGACCTGGCCTGGTGGCGCCCTCACAGAGCCTGTCCATCACATGCACTGTCTCAGGGTTCTCATTAACCAGATATGTTGTTAGCTGGGTTCGCCAGCCTCCAGGAAAGGGTCTGGAGTGGCTGGGACAAATATGGGGTGACGGGAGCACAAATTATCATTCAGCTCTCATATCCAGACTGAGCATCAGCAAGGATAACTCCAAGAGCCAAGTTTTCTTAAAACTGAACAGTCTGCAAACTGATGACACAGCCACGTACTACTGTACCACGGGGGCGAATTTCTACTGGGGTCAAGGAACCTCAGTCACCGTCTCCTCA
plate3	61-SMARTindex	N323A/31.1	2238	99.8	AACATATGTCCAATGTCCTCTCCTCAGACACTGAACACACTGACTCTAACCATGGGATGGAGCTGGATCTTTCTCTTTCTCCTGTCAGGAACTGCAGGTGTCCTCTCTGAGGTCCAGCTGCAACAGTCTGGACCTGAACTGGTGAAGCCTGGGGCTTCAGTGAAGATATACTGCAAGACTTCTGGATACACATTCACTGAATACACTTTGCACTGGATGAAACAGAGCCATGGAAAGAGCCTTGAGTGGATTGGAGGTTTTAATCCTAACACTGGTGATACTACCTACAACCAGAAATTCAGGGACAAGGCCACATTGACTGTTGACAAGTCCTCCAGCACAGCCTACATGGACCTCCGCAGCCTGACATCAGAGGATTCTGCAGTCTATTACTGTGCAAGGACCAATTACTACAGTACTACCGACTTTTCTAACTGGGGCCAAGGGACTCTGGTCACTGTCTCTGCA
plate3	62-SMARTindex	N286/74.4	603	99.3	ATCTCCTCACTAGAGCCCCCATCAGAGCATGGCTGTCCTGGTGCTGTTCCTCTGCCTGGTTGCATTTCCAAGCTGTGTCCTGTCCCAGGTGCAGCTGAAGGAGTCAGGACCTGGCCTGGTGGCGCCCTCACAGAGCCTGTCCATCACTTGCACTGTCTCTGGGTTTTCATTAACCAACTATGCTGTACACTGGGTTCGCCAGCCTCCAGGAAAGGGTCTGGAGTGGCTGGGAGCAATATGGGCTGGTGGAAGTGCAAATTATAATTCGGCGCTCATGTCCAGACTGAGCATCACCAAAGACAACTCCAAAAGCCAAGTTTTCTTAAAAGTGAGCAGTCTTCAAACTGATGACACAGCCATATATTACTGTGCCAGAGGCCGACGGGAATTTCCTTACTGGGGCCAAGGGACTCTGGTCACTGTCTCTGCA
plate3	63-SMARTindex	N467/1.8	1868	99.9	ATAAGGTCACTGTTCTCACTACAGTTACTGAGCACACAGACCTCACCATGGGATGGAGCTCTATCATCCTCTTCTTGGTAGCAACAGCCTCAGGTGTCCACTCCCAGGTCCAACTGCAGCAACCTGGGTCTGAGCTGGTGAGGCCTGGAGCTTCAGTGAAGCTGTCCTGCAAGGCTTCCGGCTACACATTCACCAACTACTGGATGCACTGGGTGAAGCAGAGGCCTGGACAAGGCCTTGAGTGGATTGGAAATATTTATCCTGGTAGTGGTAGTACTAACTACGATGAGAAATTCAAGAGCAAGGCCACACTGACTGTAGACACATTCTCCACCACAGCCTACATACAGCTCAGCAGCCTGACATCTGAGGACTCTGCGGTCTATTACTGTACAAAGGGAATGGACTACTGGGGTCAAGGCACCTCAGTCACCGTCTCCTCA
plate3	64-SMARTindex	N461/19.2	825	95.4	AGCTCTGACAGAGGAGGCCAGTCCTGGAATTGATTCCCAGTTCCTCACGTTCAGTGATGAGCACTGAACACAGACACCTCACCATGAACTTTGGGCTCAGATTGATTTTCCTTGTCCTTACTTTAAAAGGTGTGAAGTGTGAAGTGCAGCTGGTGGAGTCTGGGGGAGGCTTAGTGAAGCCTGGAGGGTCCCTGAAACTCTCCTGTGCAGCCTCTGGATTCGCTTTCAGTAGCTATGACATGTCTTGGGTTCGCCAGACTCCGGAGAAGAGGCTGGAGTGGGTCGCATACATTAGTGGTGGTCGTGGTTACACCTACTATCCAGACACTTTGAAGGGCCGATTCACCATCTCCAGAGACAATGCCAAGAACACCCTGTACCTGCAAATGAGCAGTCTGAAGTCTGAGGACACAGCCATGTATTACTGTGCAAGACAAAGCGATGATTACGACGGGTACTACTTTGACTACTGGGGCCAAGGCACCACTCTCACAGTCTCCTCA
plate3	65-SMARTindex	N372B/60.2	3569	99.9	AAGGGAGTGACCAGTTAGTCTTAAGGCACCACTGAGCCCAAGTCTTAGACATCATGGCTTGGGTGTGGACCTTGCTATTCCTGATGGCAGCTGCCCAAAGTATCCAAGCACAGATCCAGTTGGTGCAGTCTGGACCTGAGCTGAAGAAGCCTGGAGAGACAGTCAAGATCTCCTGCAAGGCTTCTGGTTATACCTTCACAGACTATTCAATGCACTGGGTGAAGCAGGCTCCAGGAAAGGGTTTAAAGTGGATGGGCTGGATAAACACTGAGACTGGTGAGCCAACATATGCAGATGACTTCAAGGGACGTTTTGCCTTCTATTTGGAATCCTCTGCCAGCACAGCCTCTCTACAGATCAACAACCTCAAAAATGAGGACACGGCAACATATTTCTGTGCTAGAAAGGCTGGTGCTTACTGGGGCCAAGGGACTCTGGTCACTATCTCTGCA
plate3	66-SMARTindex	N363/71.1	784	78.9	CTATCTCTCTCACTGGAGGCTGATTTTTGAAGAAAGGGGTTGTAGCCTAAAAGATGATGGTGTTAAGTCTTCTGTACCTGTTGACAGCCCTTCCGGGTATCCTGTCAGAGGTGCAGCTTCAGGAGTCAGGACCTAGCCTCGTGAAACCTTCTCAGACTCTGTCCCTCACCTGTTCTGTCACTGGCGACTCCATCACCAGTGGTTACTGGAACTGGATCCGGAAATTCCCAGGGAATAAATTTGAGTATATGGGGTACATAAACTACAGTGGTGGCACTTACTACAATCCATCTCTCAAAAGTCGAATCTCCATCGCTCGAGACACATCCAAGAACCAGTACTACCTGCAGTTGAATTCTGTGACTACTGAGGACACAGCCACATATTACTGTGCAAGGAAACCCTATGCTATGGACTACTGGGGTCAAGGAACCTCAGTCACCGTCTCCTCA
plate3	67-SMARTindex	N410/81.1	600	97.9	AACCTGTGATCAGTGTCCTCTCCACAGTCCCTGAACACACTGACTTTCACCATGGAATGGAGCGGGGTCTTTATCTTTCTCTTGTCAGTAACTGCAGATGTCCACTCCCAGGTCCAGTTGCAGCAGTCTGGAGCTGAGCTGGTAAGGCCTGGGACTTCAGTGAAGATATCCTGCAAGGCTTCTGGCTACACCTTCACTAATTATTGGCTAGGTTGGGTAAAGCAGAGGCCTGGACATGGACTTGAGTGGATTGGAGATATTTACCCTGGAGGTGGTTATACTAACTACAATGAGAAGTTCAAGGGCAAGGTCACACTGACTGCAGACACCTCCTCCAGCACTGCCTACATGCAGCTCAGTAGCCTGACATCTGAGGACTCTACTGTCTATTTCTGTGCAAGAGAGGGGGTGGGTCCTTACTGGGGCCAAGGGACTCTGGTCACTGTCTCTGCA
plate3	68-SMARTindex	N165/43.1	11	100	AGCAACATGTGTCCAATGTCCTCTCCACAGACACTGAACACACTGACTCCAACTATGGGATGGAGCTGGATCTTTCTCTTCCTCCTGTCAGGAACTGCAGGTGTCCACTCTGAGGTCCAGCTGCAACAGTCTGGACCTGAGTTGGTGAAGCCTGGAACTTCAATGAAGATAACCTGCAAGGCTTCTGGTTTCTCAATCACTGACTACACCATGAACTGGGTGAGACAGAGCCATGGAAAGAACCTTGAGTGGATTGGACTTATTAATCCTTTCAATGGTGATACTAGATACAACCAGAAATTCAAGGGCAAGGCCACATTGACTGTAGACAAGTCATCCAGCACAGCCTACATGGAGCTCCTCAGTCTGACATCTGAGGACTCTGCAGTCTATTACTGTGCAAGAAGATACGACTATGCTATGGACTGCTGGGGTCAAGGAACCTCAGTCACCGTCTCCTCA
plate3	69-SMARTindex	N233/8.12	1382	99.4	ACATCTCTCTCATTAGAGGTTGATCTTTGAGGAAAACAGGGTGTTGCCTAAAGGATGAAAGTGTTGAGTCTGTTGTACCTGTTGACAGCCATTCCTGGTATCCTGTCTGGAGTACAGCTTCAGGAGTCAGGACCTGGCCTCGTGAAACCTTCTCAGTCTCTGTCTCTCACCTGCTCTGTCACTGGCTACTCCATCACCAGTGGTTATTACTGGAACTGGATCCGGCAGTTTCCAGGAAACAAACTGGAATGGATGGGCTACATAATCTACGACGGTAGCAATAACTACAACCCATCTCTCAAAAATCGAATCTCCATCACTCGTGACACATCTAAGAACCAGTTTTCCCTGAAGTTGAATTCTTTGACTACTGAGGACACAGCTACATATTACTGTGCAAGAGACTTCGAGGACTGGGGCCAAGGCACCACTCTCACAGTCTCCTCA
plate3	70-SMARTindex	N468/37.1	2095	99.5	AACCTATGATCAGTGTCCTCTCCACAGTCCCTGAACACACTGACTCTAACCATGGAATGGATCTGGATCTTTCTCTTCATCCTCTCAGGAACTGCAGGTGTCCACTCCCAGGTTCAGCTGCAGCAGTCTGGAGCTGAGCTGGCGAGGCCCGGGGCTTCAGTGAAGCTGTCCTGCAAGGCTTCTGGCTACACTTTCACTGACTCCTATATAAACTGGGTGAAACTGAGGACTGGACAGGGCCTTGAGTGGATTGGAGAGATTTATCCTGGAAGTGGTAATACTTACTATGATGAGAAATTCAAGGGCAAGGCCAAAGTGACTGCAGACAAATCCTCCAGCACAGCCTACATGCAGCTCAGCAGCCTGACATCTGAGGACTCTGCAGTCTATTTCTGTGCAAGAGAAACTGCGGCTACCCTCTATGCTATGGACTACTGGGGTCAAGGAACCTCAGTCACCGTCTCCTCA
plate3	71-SMARTindex	N470/22.1	613	97.6	GAAGCAAAGGGGATCAGCCCGAGATTCTCATTCAGTGATCAACACTGAACACACATCCCTTACCATGGATTTTGGGCTGATTTTTTTTATTGTTGCTCTTTTAAAAGGGGTCCAGTGTGAGGTGAAGCTTCTCGAGTCTGGAGGTGGCCTGGTACAGCCTGGAGGATCCCTGAAACTCTCCTGTGCAGCCTCAGGATTCGATTTTAGTAGATACTGGATGAGTTGGGTCCGGCAGGCTCCAGGGAAAGGGCTAGAATGGATTGGAGAAATTAATCCAGATAGCAGTACGATAAACTATACGCCATCTCTAAAGGATAAATTCATCATCTCCAGAGACAACGCCAAAAATACGCTGTACCTGCAAATGAGCAAAGTGAAATCTGAGGACACAGCCCTTTATTACTGTGCAGGACCGGGGGGGGGCTATATGTACGACCCCTTTGCTTACTGGGGCCAAGGGACTCTGGTCACTGTCTCTGCA
plate3	72-SMARTindex	N483/26.2	791	99.7	AAAACATGAGATCACAGTTCTCTCTACAGTTACTGAGCACACAGGAACTCACCATGGGATGGAGCTATATCATCCTCTTTTTGGTAGCAACAGCAACAGGTGTCCACTCCCAGGTCCAACTGCAGCAGTCTGGGGCTGAACTGGTGAAGCCTGGGGCTTCAGTGAAGTTGTCCTGCAAGGCTTCTGGCTACACCTTCACCAACTACTATATGTTCTGGGTGAAGCAGAGGCCAGGACAAGGCCTTGAGTGGATTGGAGAGATTATGCCTAGCAACGGAAATACTAACATCAATGAGAAGTTCAAGAGCAAGGCCACACTGACTGTAGACAAATCCTCCAGCACAGCATACATGCAACTCAGCAGCCTGACATCTGACGACTCTGCGGTCTATTACTGTACAAGAGAAGGGTCTATGATTCTCTTTTCTTACTGGGGCCAAGGGACTCTGGTCACTGTCTCTGCA
plate3	73-SMARTindex	N374/48.2	566	88.4	AGCTCTGACAGAGGAGGCCAGTCCTGGATTCGATTCCCAGTTCCTCACATTCAGTGATCAGCACTGAACACGGACCCCTCACCATGAACTTGGGGCTCAGCTTGATTTTCCTTGTCCTTGTTTTAAAAGGTGTCCAGTGTGAAGTGAAGCTGGTGGAGTCTGGGGGAGGCTTAATACAGCCTGGAGGGTCCCTGAAACTCTCCTGTGCAACCTCTGGATTCACTTTCAGTGACTATTACATGTATTGGGTTCGCCAGACTCCAGAGAAGAGGCTGGAGTGGGTCGCATACATTAGTCATGGTGGTGGTAGCACCTATTATCCAGACACTGTAAAGGGCCGATTCACCATCTCCAGAGACAATGCCAAGAACACCCTGTACCTGCAAATGAGCCGTCTGAAGTCTGAGGACACAGCCATGTATTACTGTGCAAGACCCAATTACGGTAGTACCCTTTACTGGTACTTCGATGTCTGGGGCGCAGGGACCACGGTCACCGTCTCCTCA
plate3	74-SMARTindex	N366/60.1	211	99.1	AGCTCTGACAGAGGAGGCCAGTCCTGGATTCGATTCCCAGTTCCTCACATTCAGTGATCAGCACTGAACACGGACCCCTCACCATGAACTTTGGGCTGAGCTTGATTCTCCTTGTCCTAATTTTAAAAGGTGTCCAGTGTGAAGTGAAGCTGGTGGAGTCTGGGGGAGGCTTAGTGAAGCCTGGAGGGTCCCTGAAACTCTCCTGTGCAGCCTCTGGATTCGCTTTCAGTAGTTATGACATGTCTTGGGTTCGCCAGACTCCGGAGAAGAGGCTGTATTGGGTCGCAACCATTAGTCGTGGTGGTAGTTACACCTTCTATCCAGACAGTGCGAAGGGCCGATTCACCATCTCCAGAGACAATGCCAGGAACACCCTGTACCTGCAAATGAGCAGTCTGAGGTCTGAGGACACGGCCTTATATTACTGTGCAAGAGAGGATGGTAATTACGAGGTTTACAATGCTATGGACTACTGGGGTCAAGGAACCTCAGTCACCGTCTCCTCA
plate3	75-SMARTindex	N410/17.5.1	1957	100	ATAAGATCACTGTTCTCTCTACAGTTACTGAGCACACAGGACCTCACCATGGGATGGAGCTGTATCATCCTCTTCTTGGTAGCAACAGCTACAGGTGTCCACTCCCAGGTCCAACTTCAGCAGCCTGGGGCTGAGCTGGTGAGGCCTGGGGCTTCAGTGAAGCTGTCCTGCAAGGCTTCTGGCTACACCTTCACCAGTTACTGGATGAACTGGGTGAAGCAGAGGCCTGGACAAGGCCTTGAATGGATTGGTATGATTGATCCTTCAGACAGTGAAACTCACTACAATCAAATGTTCAAGGCCAAGGCCACATTGACTGTAGACAAATCCTCCATCACAGCCTACATGCAGCTCAGCAGCCTGACATCTGAGGACTCTGCGGTCTATTACTGTGCAAGCCTACGGACGGGGTTTGCTTACTGGGGCCAAGGGACTCTGGTCACTGTCTCTGCA
plate3	76-SMARTindex	N166A/26.1	947	99.8	ATGAGCACTGTTTTCTCTACAGTCACTGAATCTCAAGGTCCTTACAATGAAATGCAGCTGGGTCATCTTCTTCCTGATGGCAGTGGTTACAGGGGTCAATTCAGAGGTTCAGCTGCAGCAATCTGGGGCTGAGCTTGTGAGGCCAGGGGCCTTAGTCAAGTTGTCCTGCAAAGCTTCTGGCTTCAACATTAAAGACTACTATATAAACTGGATGAAACAGAGGCCTGAACAGGGCCTGGAGTGGATTGGATGGATTGATCCTGAGAATGGTAATACTATCTATGACCCGAAGTTCCAGGGCAAGGCCAGTATGACAGCAGACACATCTTCCAATACAGCCTACCTGCAGCTCAGCAGCCTGACATCTGAGGACACTGCCGTCTATTACTGTGCTAGAGATGATGGTTACTACGACTGGGGCCAGGGCACCACTCTCACAGTCTCCTCA
plate3	77-SMARTindex	N319A/14.1	410	99.3	AGCTCTGACAGAGGAGGCCGGTCCTGGATTCGATTCCCAGTTCCTCACATTCAGTCAGCACTGAACACGGACCCCTCACCATGAAATTCGGGCTCAGCTTGATTTTCCTTGCCCTCATTTTAAAAGGTGTCCAGTGTGAGGTGCAGCTGATGGAGTCTGGGGGAGACTTAGTGAAGCCTGGAGGGTCCCTGAAACTCTCCTGTGCAGCCTCTGGATTCACTTTCAGTACCTATGGCTTGTCTTGGGTTCGCCAGGCTCCAGACAAGAGGCTGGAATGGGTCACAATCATTAGTAGTGGTAGTACTTACACCTACTATTCGGACAATGTGAAGGGGCGCTTCACCATCTCCAGAGACAATGCCAAGAACACCCTATACCTGCAAATGAGCAGTCTGAGCTCTGACGACACTGGCATGTATTACTGTGTAAGACACGAGGGATATGCTCTGGACTACTGGGGTCATGGAACCTCAGTCATTGTCTCCTCA
plate3	78-SMARTindex	N238/30.2	1677	99.9	GCATTAGATCACTGTTCTCTCTACAGTTACTGAGCACACAGGACCTCACCATGGGATGGAGCTGTATCGTCCTCTTCTTGGTATCAACAGCTACAGGTGTCCACTCCCAGGTCCAACTGCAGCAGCCTGGGGCTGAGCTTGTGAGGCCTGGGGCTTCAGTGAAGCTGTCCTGCAAGGCTTCTGGCTACACCTTCACCAGCTACTGGATGCACTGGGTGAAGCAGAGGCCTGGACAAGGCCTTGAGTGGATCGGAGAGATTGATCCTTCTGATAGTTATACTAACTACAATCAAAAATTCAAGGGCAAGGCCACATTGACTGTAGACAAATCCTCCAGTACAGCCTACATGCAGCTCAGCAGCCTGACATCTGAGGACTCTGCGGTCTATTACTGTGCAAGATCGAGTTACGGTAGTATCTATGCTATGGACTACTGGGGTCAAGGAACCTCAGTCACCGTCTCCTCA
plate3	79-SMARTindex	N238/29.1	3008	99.9	AAGGGAGTGACCAGTTAGTCTTAAGGCACCACTGAGCCCAAGTCTTAGACATCATGGCTTGGGTGTGGACCTTGCTATTCCTGATGTCAGCTGCCCAAAGTATCCAAGCACAGATCCAGTTGGTACAGTCTGGACCTGAGCTGAAGAAGCCTGGAGAGACAGTCAAGATCTCCTGCAAGGCTTCTGGTTATATCTTCACAGACTATTCAATACACTGGGTGAAGCAGGCTCCAGGAAAGGGTTTAAAGTGGATGGGCTGGATAAACACTGAGACTGGTGAGCCAACATATGCAGATGACTTCAAGGGACGGTTTGCCTTCTCTTTGGAAACCTCTGCCAGGACTGTTTATTTGGAGATCAACAACCTCAAAAATGAGGACACGGCTACACACTTCTGTGCTAGATGTCTGTATAATTACGACGTCGGTGGGTACTTCGATGTCTGGGGCGCAGGGACCACGGTCACCGTCTCCTCA
plate3	80-SMARTindex	N144/14.2	2758	98.3	AACATATGTCCAATGTCCTCTCCACAGGCACTGAACACACTGACTCTAACCATGGGATGGAGCTGGATCTTTCTCTTCTTCCTGTCAGGAACTGCAGGTGTCCTCTCTGAGGTCCTGCTGCAACAGTCTGGACCTGAGCTGGTGAAGCCTGGGGCTTCAGTGAAGATATCCTGCAAGGCTTCTGGATACACATTCACTGACTACAACATGGACTGGGTGAAGCAGAGCCATGGAAAGAGCCTTGAGTGGATTGGCGATATTAATCCTAACAATGGTGGTCCTATCTACAACCAGAATTTTAGGGGCAAGGCCACATTGACTGTAGACAAGTCCTCCAGCACAGCCTTCATGGAGCTCCGCAGCCTGACATCTGAGGACTCTGCAGTCTATTACTGTGCAAGAGACTGGTCCTCTGCTATGGACTACTGGGGTCAAGGAACCTCAGTCACCGTCTCCTCA
plate3	81-SMARTindex	N209C/35.3	476	99.6	AGGCAGAGAACTTTAGCCCTGTCTTCTTTTTTAGTGTTCAGCACTGACAATATGACATTGAACATGCTGTTGGGGCTGAAGTGGGTTTTCTTTGTTGTTTTTTATCAAGGTGTGCATTGTGAGGTGCAGCTTGTTGAGTCTGGTGGTGGATTGGTGCGGCCTAAAGGGTCGTTGAAACTCTCATGTGCGGCCTCTGGATTCACCTTCATTACCTTCGCCATGAACTGGGTCCGCCACACTCCAGGAAAGGGTTTGGAATGGGTTGCTCGCATAAGAAGTTACAGTAATCATTATGCAACATATTATGCCGATTCAGTGAAAGACAGGTTCACCATCTCCAGAGATGATTCACAAAGCATACTCTATCTGCAAATGAACAACTTGAAAACTGACGACACAGCCATGTATTACTGTGTGGCGGATTACGGCGCGGGGTACTATTGGGGCCAAGGCACCACTCTCACAGTCTCCTCA
plate3	82-SMARTindex	N395/68.1.1	2825	99.8	AAGATCACAGTAGTCTCTACAGTCACAGGAGTACACAGGGCATTGCCATGGGTTGGAGCTGTATCATCTTCTTTCTGGTAGCAACAGCTACAGGTGTGCACTCCCAGGTCCAGCTGCAGCAGTCTGGGCCTGAGCTGGTGAGGCCTGGGGTCTCAGTGAAGATTTCCTGCAAGGGTTCCGGCTACACATTCACTGATTATGCTATGCACTGGGTGAAGCAGAGTCATGCAAAGAGTCTAGAGTGGATTGGAGTTATTAGTACTTACTATGGTAATACAAACTACAACCAGAAGTTTAAGGGCAAGGCCACAATGACTGTAGACAAATCCTCCAGCACAGCCTATATGGAACTTGCCAGATTGACATCTGAGGATTCTGCCATCTATTACTGTGCAAGAGGGATACGGTTTGACTACTGGGGCCAAGGCACCACTCTCACAGTCTCCTCA
plate3	83-SMARTindex	N075/3.2	2273	99.6	AACATATGTCCAATGTCCTCTCCTCAGACACTGAACACACTGACTCTAACCATGGGATGGAGCTGGATCTTTCTCTTTCTCCTGTCAGGAACTGCAGGTGTCCTCTCTGAGGTCCAGCTGCAACAGTCTGGACCTGAGCTGATGAAGCCTGGGGCTTCAGTGAAGATATCCTGCAAGACTTCTGGATACGATTTCACTGAATACACCTTGCACTGGGTGAAGCAGAGCCATGGAAAGAGCCTTGAGTGGATTGGAGGAATCTATCCAAAAAATGATGATAGTAGCTACAACCAGAAGTTCAAGGGCAGGGCCACATTGACTGTAGACAGGTCCTCCAACACAGCCTACATGGAGTTCCGCAGCCTGACATCTGAGGATTCTGCAGTCTATTACTGTGCAAGAGACAGAGCGGACTACTTTGACTACTGGGGCCAAGGCACCACTCTCACAGTCTCCTCA
plate3	84-SMARTindex	N405/74.1	1720	99.4	AAGGGAGTGACCAGTTAGTCTTAAGGCACCATTGAGCCCAAGTCTTAGACATCATGGATTGGCTGTGGAACTTGCTATTCCTGATGGCAGCTGCCCAAAGTATCCAAGCACAGATCCGGTTGGTGCAGTCTGGACCTGAGCTGAAGAAGCCTGGAGAGACAGTCAAGATCTCCTGCAAGGCTTCTGGGTATACCTTCACAAACTATGGAATGAACTGGGTGAAGCAGGCTCCAGGAAAGGGTTTAAAGTGGCTGGGCTGGATAAACACCAACACTAGAGAGCCAACATATGCTGAAGAGTTCAAGGGACGGTTTGCCTTCTCTTTGGAAACCTCTGCCAGCACTGCCTATTTGCAGATCAACAACCTCAAAAATGAAGACACGGCTACATATTTCTGTGCAAGAGGGTGGAGGGGTTGGGGCCAAGGGACTCTGGTCACTGTCTCTGCA
plate3	85-SMARTindex	N276A/15.4	1631	99.8	ATATGAGCCCTATCTTCTCTACAGACACTGAATCTCAAGGTCCTTACAATGAATTGCAGCTGGATTATCTTCTTCCTGATGGCAGTGGTTACAGGGGTCAATTCAGAGGTTCAGGTGCAGCAGTCTGGGGCAGAGCTTGTGAAGCCAGGGGCCTCAGTCAGGTTGTCCTGCACAGCTTCTGGCCTCAACATTGAAGACACCTATATATACTGGGTGCAACAGAGGCCTGAACAGGGCCTGGAGTGGATTGGAAGGATTGATCCTGCGAATGGTAATACTAAATATGACCCAAAATTTCAGGGCAGGGCCACTGTCACAGCAGACACATCCTCCAACACAGCCTACTTGCAACTCAGCAGCCTGACATCTGATGACACTGCCGTCTATTACTGTGTTAGTCCTGGACTGGGACAGGACTGGTTTGCTTACTGGGGCCAAGGGACTCTGGTCACTGTCTCTGCA
plate3	86-SMARTindex	N472/88.1	1405	97.6	ACAGTCCCTGACGACACTGACTCTAGCCATGGAATGGAGCTGGGTCTCTCTCTTCCTCCTGTCAGTAACTGCAGGTGTCCAATCCCAGGTTCAACTGCAGCAGTCTGGGGCTGAGCTGGTGAGGCCTGGGGCTTCAGTGAAGCTGTCCTGCAAGGCTTTGGGCTACACATTTACTGACTATGAAATGCACTGGGTGAAGCAGACACCTGTGCATGGCCTGGAATGGATTGGAGCTATTCATCCAGGAAGTGGTGGTACTGCCTATAATCAGAAGTTCAAGGGCAAGGCCTCACTGATTGCAGACAAATCCTCCAGCACAGCCTACATGGCGCTCAACAGCCTGACATCTGAGGACTCTGCTGTCTATTACTGTACAATCTACGGTAGTAGCTACGGGTTTGCTTACTGGGGCCAAGGGACTCTGGTCATTGTCTCTGCA
plate3	89-SMARTindex	N372B/1.1	2773	99.8	ATGAGCACTGTTTTCTCTACAGTCACTGAATCTCAAGGTCCTTACAATGAAATGCAGCTGGGTCATCTTCTTCCTGATGGCAGTGGTTACAGGGGTCAATTCAGAGGTTCACCTGCAGCAGTCTGGGGCTGAGCTTGTGAGGCCAGGGGCCTTAGTCAAGTTGTCCTGCAAAGCTTCTGGCTTCAACATTAAAGACTACTATATGCACTGGGTGAAGCAGAGGCCTGAACAGGGCCTGGAGTGGATTGGATGGATTGATCCTGAGAATGGTAATACTATATATGACCCGAAGTTCCAGGGCAAGGCCAGTATAACAGCAGACACATCCTCCAACACAGCCTACCTGCAGCTCAGCAGCCTGACATCTGAGGACACTGCCGTCTATTACTGTGATAGTCCCATTAATTTTATGGACTACTGGGGTCAAGGAACCTCAGTCACCGTCTCCTCA
plate3	90-SMARTindex	N396/29.1	3036	99.9	AACATGTGTCCAATGTCCTCTCCACAGACACTGAACACACTGACTCCAACTATGGGATGGAGCTGGATCTTTCTCTTCCTCCTGTCAGGAACTGCAGGTGTCCACTCTGAGGTCCAGCTGCAACAGTCTGGACCTGAGCTGGTGAAGCCTGGAGCTTCAATGAAGATATCCTGCAAGGCTTCTGGTTACTCATTCACTGGCAACACCATGAACTGGGTGAAGCAGAGCCATGGAAAGAATCTTGAGTGGATTGGACTTATTAATCCTTACAATGGTGGTACTAGCTACAACCAGAAGTTCAAGGGCAAGGCCACATTAACTGTAGACAAGTCATCCAGCACAGCCTACATGGAGCTCCTCAGTCTGACATCTGAGGACTCTGCAGTCTATTACTGTACAAGAGAGGGATTACGACGGGGTTCCTGGTTTGCTTATTGGGGCCAAGGGACTCTGGTCACTGTCTCTGCA
plate3	91-SMARTindex	N075/33.1	780	99.4	AACATATGTCCAAAGTCCTCTCCTCAGACACTGAACACACTGACTCTAACCATGGGATGGAGCTGGATCTTTCTCTTTCTCCTGTCAGGAACTGCAGGTGTCCTCTCTGAGGTCCAGCTGCGACAGTCTGGACCTGAGCTGGTGAAGCCTGGGACTTCAGTGAAGATGTCCTGCAAGACTTCTGGATTCACATTCACTGAATATACCATACACTGGGTGAAGCAGAGCCATGGAAAGAGCCTTGAGTGGATTGGGGGTATCTATCCTAAAAATGGTGATACTGGCTACAGCCAGAGGTTCAAGGACAAGGCCACATTGACTGTAGACACGTCCTCCAGTACAGCCTACATGGAGCTCCGCAGCCTGACATCTGAGGATTCTGCAGTCTATTATTGTGCAAGAGACAAAGCGGACTACTTTGACCACTGGGGCCAAGGCATCACTCTCACTGTCTCCTCA
plate3	92-SMARTindex	N245/1.1	877	99.7	AACATATGTCCAATGTCCTCTCCTCAGACACTGAACACACTGACTCTAACCATGGGATGGAGCTGGATCCTTCTCTTTCTCCTGTCAGGAACTGCAGGTGTCCTCTCTGAGGTCCAGCTGCAACAGTCTGGACCTGAGCTGGTGAAGCCTGGGGCTTCAGTGAAGTTTTCCTGCAAGACTTCTGGATACACATTCACTGAATACACCATGCACTGGGTGAAACAGAGCCATGGAAAGAGCCTTGAGTGGATTGGAGGTATTAATCCTGACAATGGTGGTACTAGGTACAACCAGAAGTTCAAGGGCAAGGCCTCATTGACTGTAGACAAGTCCTCCAGCACAGCCTACATGGAACTCCGCAGCCTGACATCTGAGGATTCTGCAGTCTATTACTGTGCAAATTATGATTACTACTTTGACTACTGGGGCCAAGGCACCACTCTCACAGCCTCCTCA
plate3	93-SMARTindex	N441/35.1	614	99.4	ATTGCTCTCACTGGAGGCTGATCTCTGAAGATAAGGAGGTGTTGCCTAAAAGATGAGAGTGCTGATTCTTTTGTGCCTGTTCACAGCCTTTCCTGGTATCCTGTCTGATGTGCAGCTTCAGGAGTCAGGACCTGACCTGGTGAAACCTTCTCAGTCACTTTCACTCACCTGCACTGTCACTGGCTACTCCATCACCAGTGGTTATAGCTGGCACTGGATCCGGCAGTTTCCAGGAAACAAACTGGAATGGATGGGCTACATACACTACAGTGGTAGCACTAACTACAACCCATCTCTCAAAAGTCGAATCTCTATCACTCGAGACACATCCAAGAACCAGTTCTTCCTGCAGTTGAATTCTGTGACTACTGAGGACACAGCCACATATTACTGTGCAAGAGGAACTGTTGGCTGGGGCCAAGGCACCACTCTCACAGTCTCCTCA
plate3	94-SMARTindex	N274/8.1	1332	99.7	AATCTATGATCAGTGTCCTCTCTACACAGTCCCTGACGACACTGACTCCAACCATGCGATGGAGCTGGATCTTTCTCTTCCTCCTGTCAATAACTGCAGGTGTCCATTGCCAGGTCCATCTGCAGCAGTCTGGACCTGAGCTGGTGAAGCCTGGGGCCTCAGTGAAGATGTCCTGCAAGGCTTCTGACTACTCCTTCACAACCTACTATATACTCTGGGTGAAACAGAGGCCTGGACAGGGACTTGAGTGGATTGGATGGATTTATCCTGGAGATGATAGTACTAGGTACAATGAGAAGTTCCAGGACAGGACCATACTGACTGCAGACAAATCCTCCACCACAGCCTACATGTTCCTCAGCAGCCTGACCTCTGAGGACTCTGCGGTCTATTTCTGTGCAAGGGCCTATTACTACGGTGGGCCTATGGACTATTGGGGTCAAGGAACCTCAGTCACCGTCTCCTCA
plate3	95-SMARTindex	N343/26.1	363	95.3	AGCTCTGACAGAGGAGGCCTGTCCTGGATTCGATTCCCAGTTCCTCACATTCAGTCAGCACTGAACACGGACCCCTCACCATGAACTTCGGGCTCAGCTTGATTTTCCTTGTCCTTGTTTTAAAAGGTGTCCAGTGTGAAGTGATGCTGGTGGAGTCTGGGGGAGGCTTAGTGAAGCCTGGAGGGTCCCTGAAACTCTCCTGTGCAGCCTCTGGATTCACTTTCAGTAGCTATGCCATGTCTTGGGTTCGCCAGACTCCGGAGAAGAGGCTGGAGTGGGTCGCAACCATTAGTAGTGGTGGTAGTTACACCTACTATCCAGACAGTGTGAAGGGGCGATTCACCATCTCCAGAGACAATGCCAAGAACACCCTGTACCTGCAAATGAGCAGTCTGAGGTCTGAGGACACGGCCATGTATTACTGTGCAAGACAACTGGGACAAGACTATGCTATGGACTACTGGGGTCAAGGAACCTCAGTCACCGTCTCCTCA
