plate	SMARTindex	TrimmerID	ASVcount	PctSupport	LightChain
n27	01-SMARTindex	K91/36	2697	78.9057928613224	ACCAAAGTTCAAAGACAAAATGGATTTTCAAGTGCAGATTTTCAGCTTCCTGCTAATCAGTGCCTCAGTCATACTGTCCAGAGGACAAATTGTTCTCACCCAGTCTCCAGCAATCATGTCTGCATCTCCAGGGGAGAAGGTCACCATGACCTGCAGTGCCAGCTCAAGTGTAAGTTACATGTATTGGTACCAGCAGAAGCCAGGATCCTCCCCCAGACTCCTGATTTATGACACATCCAACCTGGCTTCTGGAATCCCTATTCGCTTCAGTGGCAGTGGGTCTGGGACCTCTTACTCTCTCACAATCAGCCGAATGGAGGCTGAAGATGCTGCCACTTATTACTGCCAGCAGTGGAGTAGTTACCCGGTCACGTTCGGTGCTGGGACCAAGCTGGAGCTGAAACGGGCT
n27	03-SMARTindex	L28/4	1596	83.4291688447465	GAGCCACACAAACTCAGGGAAAGCTCGAAGATGGTTTTCACACCTCAGATACTTGGACTTATGCTTTTTTGGATTTCAGCCTCCAGAGGTGATATTGTGCTAACTCAGTCTCCAGCCACCCTGTCTGTGACTCCAGGAGATAGCGTCAGTCTTTCCTGCAGGGCCAGCCAAAGTATTAGCAACAACCTACACTGGTATCAACTAAAGTCACATGAGTCTCCAAGGCTTCTCATCAAGTATGCTTCCCAGTCCATCTCTGGGATCCCCTCCAGGTTCAGTGGCAGTGGATCAGGGACAGATTTCACTCTCAGTATCAACAGTGTGGAGACTGAAGATTTTGGAATGTATTTCTGTCAACAGAGTAACAGCTGGCCTCAGACGTTCGGTGGAGGCACCAAGCTGGAAATCAAACGGGCT
n27	04-SMARTindex	L43/40	1126	81.0071942446043	ACTGATCACTCTCCTATGTTCATTTCCTCAAAATGATGAGTCCTGCCCAGGTCCTGTTTCTGTTAGTGCTCTGGATTCGGGAAACCAACGGTGATGTCGTGATGACCCAGACTCCACTCACTTTGTCGGTTACCATTGGACAACCAGCCTCCATCTCTTGCAAGTCAAGTCAGAGCCTCTTAGATAGTGATGGAAAGACATATTTGCATTGGCTATTTCAGAGGCCAGGCCAGTCACCAAAGCGCCTAATCTATTTGGTGTCTAAACTGGACTCTGGAGTCCCTGACAGGTTCACTGGCAGTGGATCAGGGACAGATTTCACACTGAAAATCAGCAGAGTGGAGGCTGAGGATTTGGGAGTTTATTGGTGCTGGCAAGGTACTCATTTTCCGTACACGTTCGGAGGGGGGACCACGCTGGAAATAAAACGGGCT
n27	05-SMARTindex	L111/118	1043	80.6027820710974	ACTGATCAGTCTCCTCAGGCTGTCTCCTCAGGTTGCCTCCTCAAAATGAAGTTGCCTGTTAGGCTGTTGGTGCTGATGTTCTGGATTCCTGCTTCCAGCAGTGATGTTGTGATGACCCAAACTCCACTCTCCCTGCCTGTCAGTCTTGGAGATCAAGCCTCCATCTCTTGCAGATCTAGTCAGAGCCTTGTACACAGTAATGGAGACACCTATTTACATTGGTACCTGCAGAAGCCAGGCCAGTCTCCAAAGCTCCTGATCTACAAAGTTTCCAACCGATTTTCTGGGGTCCCAGACAGGTTCAGTGGCAGTGGATCAGGGACAGATTTCACACTCAAGATCAGCAGAGTGGAGGCTGAGGATCTGGGAGTTTATTTCTGCTCTCAAAGTATATATGTTCCTTACACGTTCGGAGGGGGGACCAAGCTGGAAATAAAACGGGCT
n27	06-SMARTindex	L114/3	669	79.4536817102138	AATTGAAGTCAAGACTCAGCCTGGACATGATGTCCTCTGCTCAGTTCCTTGGTCTCCTGTTGCTCTGTTTTCAAGGTACCAGATGTAATATCCAGATGACACAGACTACATCCTCCCTGTCTGCCTCTCTGGGAGACAGAGTCACCATCAGTTGCAGTGCAAGTCAGGACATTAGCAATTATTTAAACTGGTATCAGCAGAAACCAGATGGAACTGTTAAACTCCTGATCTATTACACGTCAAGTTTACACTCAGGAGTCCCATCAAGATTCAGTGGCAGTGGGTCTGGGACAGATTATTCTCTCACCATCAGCAACCTGGAACCTGAAGATATTGCCACTTACTATTGTCAGCAGCATAGTCAGTTTCCGTGGACGTTCGGTGGAGGCACCAAGCTGGAAATCAAACGGGCT
n27	07-SMARTindex	L114/81	1212	77.0992366412214	ATTGTCATTGCAGTCAGGACTCAGCATGGACATGAGGGCTCCTGCACAGATTTTTGGCTTCTTGTTGCTCTGGTTTCCAGGTACCAGATGTGACATCCAGATGACCCAGTCTCCATCCTCCTTATCTGCCTCTCTGGGAGAAAGAGTCAGTCTCACTTGTCGGGCAAGTCAGGACATTGGTAGTAGCTTAAACTGGCTTCAGCAGGAACCAGATGGAACTATTAAACGCCTGATCTATGCCACATCCATTTTAGATTCTGGTGTCCCCAAAAGGTTCAGTGGCAGTAGGTCTGGGTCAGATTATTCTCTCACCATCAGCAGCCTTGAGTCTGAAGATTTTGTAGACTATTACTGTCTACAATATGCTAGTTCTCCGTGGACGTTCGGTGGAGGCACCAAGCTGGAAATCAAACGGGCT
n27	08-SMARTindex	L122/6	1014	78.5437645236251	AGCATCAGACAGGCTGGGCAGCAAGATGGAATCACAGACCCAGGTCCTCATGTTTCTTCTGCTCTGGGTATCTGGTGCCTGTGCAGACATTGTGATGACACAGTCTCCATCCTCCCTGGCTATGTCAGTAGGACAGAAGGTCACTATGAGCTGCAAGTCCAGTCAGAGCCTTTTAAATAGTAGCAATCAAAAGAACTATTTGGCCTGGTACCAGCAGAAACCAGGACAGTCTCCTAAACTTCTGGTATACTTTGCATCCACTAGGGAATCTGGGGTCCCTGATCGCTTCATAGGCAGTGGATCTGGGACAGATTTCATTCTTACCATCAGCAGTGTGCAGGCTGAAGACCTGGCAGATTACTTCTGTCAGCAACATTATAGCACTCCGCTCACGTTCGGTGCTGGGACCAAGCTGGAGCTGAAACGGGCT
n27	09-SMARTindex	N28/9	270	73.3695652173913	ACTTTTGACTCACCATATCAAGTTCGCAGAATGAGGTTCTCTGCTCAGCTTCTGGGGCTGCTTGTGCTCTGGATCCCTGGATCCACTGCAGATATTGTGATGACGCAGGCTGCATTCTCCAATCCAGTCACTCTTGGAACATCAGCTTCCATCTCCTGCAGGTCTAGTAAGAGTCTCCTATATAGTAATGGCATCACTTATTTGTATTGGTATCTGCAGAAGCCAGGCCAGTCTCCTCAGCTCCTGATTTATCAGATGTCCAACCTTGCCTCAGGAGTCCCAGACAGGTTCAGTAGCAGTGGGTCAGGAACTGATTTCACACTGAGAATCAGCAGAGTGGAGGCTGAGGATGTGGGTGTTTATTACTGTGCTCAAAATCTAGAAGTTCCGTGGACGTTCGGTGGAGGCACCAAGCTGGAAATCAAACGGGCT
n27	10-SMARTindex	N263/31	1585	76.2752646775746	AGACAGGCAGGGGAAGCAAGATGGATTCACAGGCCCAGGTTCTTATGTTACTGCTGCTATGGGTATCTGGTACCTGTGGGGACATTGTGATGTCACAGTCTCCATCCTCCCTAGCTGTGTCAGTTGGAGAGAAGGTTACTATGAGCTGCAAGTCCAGTCAGAGCCTTTTATATAGTAGCAATCAAAAGAACTACTTGGCCTGGTACCAGCAGAAACCAGGGCAGTCTCCTAAACTGCTGATTTACTGGGCATCCACTAGGGAATCTGGGGTCCCTGATCGCTTCACAGGCAGTGGATCTGGGACAGATTTCACTCTCACCATCAGCAGTGTGAAGGCTGAAGACCTGGCAGTTTATTACTGTCAGCAATATTATCACTATCCGCTCACGTTCGGTGCTGGGACCAAGCTGGAGCTGAAACGGGCT
n27	11-SMARTindex	N486/32	903	84.3137254901961	ACTGATCAGTCTCCTCAGGCTGTCTCCTCAGGTTGCCTCCTCAAAATGAAGTTGCCTGTTAGGCTGTTGGTGCTGATGTTCTGGATTCCTGCTTCCAGCAGTGATGTTGTGATGACCCAAACTCCACTCTCCCTGCCTGTCAGTCTTGGAGATCAAGCCTCCATCTCTTGCAGATCTAGTCAGAGCCTTGTACACAGTAATGGAAACACCTATTTACATTGGTACCTGCAGAAGCCAGGCCAGTCTCCAAAGCTCCTGATGTACAAAGTTTCCAACCGATTTTCTGGGGTCCCAGACAGGTTCAGTGGCAGTGGATCAGGGACAGATTTCACACTCAAGATCAGCAGAGTGGAGGCTGAGGATCTGGGAGTTTATTTCTGCTCTCAAAGTACACATGTTCCATTCACGTTCGGCTCGGGGACAAAGTTGGAAATAAAACGGGCT
n27	12-SMARTindex	N149/25.1	2170	71.3346482577252	CTACATCTGAAAGGCAGGTGGAGCAAGATGGAATCACAGACTCAGGTCCTCATCTCCTTGCTGTTCTGGGTATCTGGTACCTGTGGGGACATTGTGATGACACAGTCTCCATCCTCCCTGAGTGTGTCAGCAGGAGAGAAGGTCACTATGAGTTGCAAGTCCAGTCAGAGTCTGTTAAGCAGTGGAAATCAAAAGAACTACTTGGCCTGGTACCAGCAGAAACCAGGGCAGCCTCCTAAAGTGTTGATCTACGGGGCATCCAGTAGGGGATCTGGGGTCCCTGATCGCTTCACAGGCAGTGGATCTGGAACCGATTTCACTCTTACCATCAGCAGTGTGCAGGCTGAAGACCTGGCAGTTTATTACTGTCAGAATGATCATAGTTATCCGCTCACGTTCGGTGCTGGGACCAAGCTGGAGCTGAAACGGGCT
n27	13-SMARTindex	N015/4.1	1965	70.2789699570815	ACTGATCAGTCTCCTCAGGCTGTCTCCTCAGGTTGCCTCCTCAAAATGAAGTTGCCTGTTAGGCTGTTGGTGCTGATGTTCTGGATTCCTGCTTCCAGCAGTGATGTTTTGATGACCCAAACTCCACTCTCCCTGCCTGTCAGTCTTGGAGATCAAGCCTCCATCTCTTGCAGATCAAGTCAGAACATTGTACATAGTAATGGCAATACCTATTTAGACTGGTACCTGCAGAAACCAGGCCAGTCCCCAAAGCTCCTGATCTACAAAGTTTCCAACCGATTTTCTGGGGTCCCAGTCAGGTTCAGTGGCAGTCGATCAGGGACAGAATTCACACTCAAGATCAGCAGAGTGGAGGCTGAGGATCTGGGAGTTTATTACTGCCTTCAAGGTTCACATGTTCCTTATACGTTCGGAGGGGGGACCAGGCTGGAAATAAAACGGGCT
n27	14-SMARTindex	N015/39.1	1863	91.4580265095729	ACTGATCAGTCTCCTCAGGCTGTCTCCTCAGGTTGCCTCCTCAAAATGAAGTTGCCTGTTAGGCTGTTGGTGCTGATGTTCTGGATTCCTGTTTCCAGCAGTGATGTTTTGCTGACCCAAACTCCACTCTCCCTTCCTGTCAGTCTTGGAGATCAAGCCTCCATCTCTTGCAGATCTAGTCAGCCCATTGTACATAGTAATGGAAACACCTATTTAGACTGGTACCTGCAGAAACCAGGCCAGTCTCCAAAGCTCCTGATCTACAAAGTTTCCAACCGATTTTCTGGGGTCCCAGACAGATTCAGTGGCAGTGGATCAGGGACAGATTTCACACTCAAGATCAGCAGAGTGGAGGCTGAGGATCTGGGACTTTATTACTGCTTTCAAGGTTCACATGTTCCGTTCTCGTTCGGAGGGGGGACCAAGTTGGAAATAAAACGGGCT
n27	15-SMARTindex	N148/30.1.1	788	69.6728558797524	ACTGATCAGTCTCCTCAGGCTGTCTCCTCAGGTTGCCTCCTCAAAATGAAGTTGCCTGTTAGGCTGTTGGTGCTGATGTTCTGGATTCCTGTTTGCAGCAGTGATGTTTTGATGACCCAAACTCCACTCTCCCTGCCTGTCAGTCTTGGAGATCAAGCCTCTATCTCTTGCAGATCTAGTCAGAGCATTATACATAGTAATGGAAACACCTATTTAGAATGGTTCCTGCAGAAACCAGGCCAGTCTCCAAAGCTCCTGATCTACAAAGTTTCCAACCGATTTTCTGGGGTCCCAGACAGGTTCAGTGGCAGTGGATCAGGGACAGATTTCACACTCAAGATCAGCAGAGTGGAGGCTGAGGATCTGGGAGTTTATTACTGCTTTCAAGGTTCACATGTTCCTCCGACGTTCGGTGGAGGCACCAAGCTGGAAATCAAACGGGCT
n27	16-SMARTindex	N067/15.1	1571	78.5107446276862	ACTGATCACTCTCCTATGTTCATTTCCTCAAAATGATGAGTCCTGCCCAGTTCCTGTTTCTGTTAGTGCTCTGGATTCGGGAAAGCAACGGTGATGTTGTGATGACCCCGATTCCACTCACTTTGTCGGTTACCATTGGACAACCAGCCTCCATCTCTTGCAAGTCAAGTCAGAGCCTCTTAGATAGTGATGGAAGGACATATTTGAATTGGTTGTTACAGAGGCCAGGCCAGTCTCCAAAGCGCCTAATCTATCTGGTGTCTAAACTGGACTCTGGAGTCCCTGACAGGTTCACTGGCAGTGGATCAGGGACAAATTTCACACTGAAAATCAGCAGAGTGGAGGCTGAGGATTTGGGAATTTATTATTGCTGGCAAGGTACACATTTTCCTTGGACGTTCGGTGGAGGCACCAAGCTGGAAATCAAACGGGCT
n27	17-SMARTindex	N173B/13.1	1408	70.3296703296703	ACTGATCACTCTCCTATGTTCATTTCCTCAAAATGATGAGTCCTGCCCAGTTCCTGTTTCTGTTAGTGCTCTGGATTCGGGAAACCAGCGGTGATGTTGTGATGACCCAGACTCCACTCGCTTTGTCGGTTACCATTGGACAACCAGCCTCCATCTCTTGCAAGTCAAGTCAGAGCCTCTTAGATAGTGATGGAAAGACATATTTGAATTGGTTGTTACAGAGGCCAGGCCAGTCTCCAAAGCGCCTAATCTATCGGGTGTCTAAACTGGACTCTGGAGTCCCTGACAGGTTCACTGGCAGTGGATCAGGGACAGATTTCACACTGAAAATCAGCAGAGTGGAGGCTGAGGATTTGGGAGTTTATTATTGCTGGCAAGGTACACATTTTCCTCAGACGTTCGGTGGAGGCACCAAGCTGGAAATCAAACGGGCT
n27	18-SMARTindex	N271/44.1	760	62.1931260229133	AATCAGAACTCTTCACACCAAGTTCTCAGAATGAGGTGCTCTCTTCAGTTCCTGGGGGTGCTTATGTTCTGGATCTCTGGAGTCAGTGGGGATATTGTGATAACCCAGGATGAACTCTCCAATCCTGTCACCTCTGGAGAATCAGTTTCCATCTCCTGCAGGTCTAGTAAGCGCCTCTTATATAAGGATGGGAAGACATACTTGAATTGGTTTCTGCAGAGACCAGGACAATCTCCTCAGCTCCTGATCTATTTCATGTCCACCCGTGCATCAGGAGTCTCAGACCGGTTTAGTGGCAGTGGGTCAGGAACAGATTTCACCCTGGAAATCAGTAGAGTGAAGGCTGAGGATGTGGGTGTGTATTACTGTCAACAAGTTGTAGAGTATCCATTCACGTTCGGCTCGGGGACAAAGTTGGAAATAAAACGGGCT
n27	19-SMARTindex	K075/41.1	1682	78.9671361502347	ACTGATCAGTCTCCTCAGGCTGTCTCCTCAGGTTGCCTCCTCAAAATGAAGTTGCCTGTTAGGCTGTTGGTGCTGATGTTCTGGATTCCTGCTTCCAGCAGTGATGTTGTGATGACCCAAACTCCACTCTCCCTGCCTGTCAGTCTTGGAGATCAGGCCTCCATCTCTTGCAGATCTAGTCAGAGCCTTGTACACAGTAATGGAAACACCTATTTACATTGGTACCTGCAGAAGCCAGGCCAGTCTCCAAACCTCCTGATCTACAAAGTTTCCAACCGATTTTCTGGGGTCCCAGACAGGTTCAGTGGCAGTGGATCAGGGACAGATTTCACACTCAAGATCAGCAGAGTGGAGGCTGAGGATCTGGGAGTTTATTTCTGCTCTCAAAATACACATGTTCCGTGGACGTTCGGTGGAGGCACCAAGCTGGAAATCAAACGGGCT
n27	20-SMARTindex	N106/65.1	1341	83.2402234636871	AGCTTCACACATGTTACACAGAGACATGAACATGCTCACTCAGCTCCTGGGATTACTGCTGCTCTGGTTTGCAGGTGGTAAATGTGACATTCAGATGACCCAGTCTCCTGCCTCCCAGTCTGCATCTCTGGGAGAAAGTGTCACCATCACATGCCTGGCAAGTCAGACCATTGGTACATGGTTAGCATGGTATCAGCAGAAACCAGGGAAATCTCCTCAGCTCCTGATTTATGCTGCAACCAGCTTGGCAGATGGGGTCCCATCAAGGTTCAGTGGTAGTGGATCTGGCACAAAATTTTCTTTCAAGATCAGCAGCCTACAGGCTGAAGATTTTGTAAGTTATTACTGTCAACAACTTTACAGTACTCCTCTGACGTTCGGTGGAGGCACCAAGCTGGAAATCAAACGGGCT
n27	21-SMARTindex	K014/16.2	1186	81.6804407713499	ACTGATCACTCTCCTATGTTCATTTCCTCAAAATGATGAGTCCTGCCCAGTTCCTGTTTCTGTTAGTGCTCTGGATTCGGGAAACCAACGGTGATGTTGTGATGACCCAGACTCCACTCACTTTGTCGGTTACCATTGGACAACCAGCCTCCATCTCTTGCAAGTCAAGTCAGAGCCTCTTAGATAGTGATGGAAAGACATTTTTGAATTGGTTGTTACTGAGGCCAGGCCAGTCTCCAAAGCGCCTACTCTATCAGGTGTCTAAACTGGACTCTGGAGTCCCTGACAGGTTCACTGGCAGTGGATCAGGGACAGATTTCACACTGAAAATCAGCAGAGTGGAGGCTGAAGATTTGGGAGTTTATTATTGCTGGCAAGGTACACATTTTCCTCAGACATTCGGTGGAGGCACCAACCTGGAAATCAAACGGGCT
n27	22-SMARTindex	N144/32.1	1631	83.7699024139702	ACTGATCAGTCTCCTCAGGCTGTCTCCTCAGGTTGCCTCCTCAAAATGAAGTTGCCTGTTAGGCTGTTGGTGCTGATGTTCTGGATTCCTGCTTCCAGCAGCGATGTTTTGATGACCCAAACTCCACTCTCCCTGCCTGTCAGTCTTGGAGAACAAGCCTCCATTTCTTGCAGATCTAGTCAGAGCATTGTACAGAGTGATGGAAACACCTTTTTAGAATGGTACCTGCAGAAACCAGGCCAGTCTCCAAAGCTCCTGATCTACAAAGTTTCCAACCGATTTTCTGGGGTCCCAGACAGATTCAGTGGCAGTGGATCAGGGACAGATTTCACACTCAAGATCAGCAGAGTGGAGGCTGAGGATCTGGGAATTTATTACTGCTTTCAAGGTTCACATGTTCCGCTCACGTTCGGTGCTGGGACCAAGCTGGAGCTGAAACGGGCT
n27	23-SMARTindex	N147/6.1	4020	82.9892650701899	ACTTATGATAATAGCAGTAATTAGCTAGGGACCAAAATTCAAAGGAAAAATGGATTTTCAGGTGCAGATTTTCAGCTTCCTGCTAATCAGTGCCTCAGTCATTATGTCCAGAGGACAAATTGTTCTCACCCAGTCTCCAGCAATCATGTCTGCATCTCTAGGGGAACGGGTCACCATGACCTGCACTGCCAGTTCAAGTGTAAGTTCCACTTATTTGCACTGGTACCAGCAGAAGCCAGGATCCTCCCCCAAACTCTGGATTTACAGCACATCCAACCTGGCTTCTGGAGTCCCAGTTCGCTTCAGTGGCAGTGGGTCTGGGACCTCTTTCTCTCTCACAATCAGCAGCATGGAGGCTGAAGATGCTGCCACTTATTACTGCCACCAGTATCATCGTTCCCCACCCACGTTCGGTGGAGGCACCAAGCTGGAAATCAAACGGGCT
n27	24-SMARTindex	N117/95	1524	86.6401364411598	ACTGATCACTCTCCTATGTTCATTTCCTCAAAATGATGAGTCCTGCCCAGTTCCTGTTTCTGTTAGTGCTCTGGATTCGGGAAACCAACGCTGATGTTGTGATGACCCAGACTCCACTCACTTTGTCGGTTACCATTGGACAACCAGCCTCCATCTCTTGCAAGTCAAGTCAGAGCCTCTTAGATGGTTATGGAATGGCGTATTTGAATTGGTTATTACAGAGGCCAGGCCAGTCTCCAAAGCGCCTAATCTATCAGATGTCTAAACTGGACTCTGGAGTCCCTGACAGGTTCACTGGCAGTGGATCAGGGACAGATTTCACACTGAACATCAGCAGAGTGGAGGCTGAGGATTTGGGAGTTTATTATTGCTGGCAAGGTACACATTTCCCGCTCACGTTCGGTGCTGGGACCAAGCTGGAGCTGAAACGGGCT
n27	25-SMARTindex	N143/38.2	208	77.037037037037	ACTGATCACTCTCCTATGTTCATTTCCTCAAAATGATGAGTCCTGCCCAGTTCCTGTTTCTGTTAGTGCTCTGGATTCGGGAAACCAACGGTGATGTTGTGATGACCCAGACTCCACTCACTTTGTCGGTTACCATTGGACAACCAGCCTCCATCTCTTGCAAGTCAAGTCAGAGCCTCTTAGATAGTGATGGAAAGACATATTTGAATTGGTTGTTACAGAGGCCAGGCCAGTCTCCAAAGTGCCTAATCTATCAGGTGTCTACACTGGACTCTGGAGTCCCTGACAGGTTCACTGGCAGTGGATCAGGGACAGATTTCACACTGAAAATCAGCAGAGTGGAGGCTGAGGATTTGGGAGTTTATTATTGCTGGCAAGGTACACATTTTCCTCTCACGTTCGGTGCTGGGACCAAGCTGGAGCTGAAACGGGCT
n27	26-SMARTindex	N143/36.11	127	41.3680781758958	ACTGATCAGTCTCCTCAGGCTGTCTCCTCAGGTTGCCTCCTCAAAATGAAGTTGCCTGTTAGGCTGTTGGTGCTGATGTTCTGGATTCCTGCTTCCAGTAGTGATGTTGTGCTGACCCAAACTCCACTCTCCCTGTCTGTCAGTGTTGGAGATCAAGCCTCCATCTCTTGCAGATCTAGTCAGAGCCATGTACACAGTGATGGAAACACCTATTTACATTGGTACCTGCAGAAGCCAGGCCAGTCTCCAAAGCTCCTGATCTACAAAGTTTCCAACCGATTTTCTGGGGTCCCAGACAGGTTCAGTGGCAGTGGCTCAGGGACAGATTTCACACTCAAGATCAGCAGAGTGGAGGCTGAGGATCTGGGAGTTTATTTCTGCTCTCAAAGTACACGTCTTCCGTGGACGTTCGGTGGAGGCACCAAGCTGGAAATCAAACGGGCT
n27	27-SMARTindex	N144/17.2	982	85.3171155516942	AGACAGGCAGTGGGAGCAAGATGGATTCACAGGCCCAGGTTCTTATATTGCTGCTGCTATGGGTATCTGGTACCTGTGGGGACATTGTGATGTCACAGTCTCCATCCTCCCTGGCTGTGTCAGCAGGAGAGATGGTCACTATGAGCTGCAAATCCAGTCAGAGTCTGCTCAACAGTAGCACCCGAAAGAACTACTTGGCTTGGTACCAGCAGAAACCAGGGCAGTCTCCTAAACTGCTGATCTACTGGGCGTCCACTAGGGAATCTGGGGTCCCTGATCGCTTCACAGGCAGTGGATCTGGGACAGATTTCACTCTCACCATCAGCAGTGTGCAGGCTGAAGACCTGGCAGTTTATTACTGCACGCAATCTTATAATCTTCCGTGGACGTTCGGTGGAGGCACCAAACTGGAAATCAAACGGGCT
