plate	SMARTindex	MabID	ASVcount	PctSupport	TotalReads	Sequencing	HeavyChain	DuplicatedIn	chain_type	e-value	score	seqstart_index	seqend_index	scheme	frame	AA	numbering	domain
plate45	01-SMARTindex	positivecontrol1_N222/6.2.9	1656	99.8	1659	Illumina	AAGGTCACTGTTCTCACTACAGTTACTGAGCACACAGACCTCACCATGGGATGGAGCTCTATCATCCTCTTCTTGGTAGCAACAGCTACAGGTGTCCACTCCCAGGTCCAACTGCAGCAGCCTGGGTCTGTGCTGGTGAGGCCTGGAGCTTCAGTGAAGCTGTCCTGCAAGGCTTCTGGCTACACCTTCACCAGCTCCTGGATGCACTGGGCGAAGCAGAGGCCTGGACAAGGCCTTGAGTGGATTGGAGAGATTCATCCTAATAGTGGTGATACTAACTACAATGAGAAGTTCAAGGGCAAGGCCACACTGACTGTAGACACATCCTCCAGCACAGCCTACGTGGATCTCAGCAGCCTGACATCTGAGGACTCTGCGGTCTATTACTGTGCAAGAAGGGACTACTGGGGCCAAGGCACCACTCTCACAGTCTCCTCA		-	-	-	-	-	-	-	-	-	-
plate45	03-SMARTindex	L118/28	177	95.2	186	Illumina	AGGCAGAGAACTTTAGCCCTGTCTTCTTTTTTAGTGTTCAGCACTGACAATATGACATTGAACATGCTGTTGGGGCTGAAGTGGATTTTCTTTGTTGTTTTTTATCAAGGTGTGCATTGTGAGGTGCAGCTTGTTGAGTCTGGTGGAGGATTGGTGCAGCCTAAAGGGTCATTGAAACTCTCATGTGCAGCCTCTGGATTCACCTTCAATACCTACGCCATGAACTGGGTCCGCCAGGCTCCAGGAAAGGGTTTGGAATGGGTTGCTCGCATAAGAAGTAAAACTTATAATTATGCAACATATTATGCCGATTCAGTGAAAGACAGGTTCACCATCTCCAGAGATGATTCACTAAGCATGCTCTATCTGCAAATGAACAACTTGAAAACTGAGGACACAGCCGTGTATTACTGTGTGAGACGGGGTAAACGGGATTACTATCCTATGGACTACTGGGGTCAAGGAACCTCAGTCACCGTCTCCTCA		-	-	-	-	-	-	-	-	-	-
plate45	04-SMARTindex	L118/44	1818	73.3	2481	Illumina	AACCGACGATCAGTGTCCTCTCCAAAGTCCCTGAACACACTGACTCTAACCATGGAATGGAGTTGGATATTTCTCTTTCTCCTGTCAGGAACTGCAGGTGTCCACTCTGAGGTCCAGCTGCAGCAGTCTGGACCTGAGCTGGTAAAGCCTGGGGCTTCAGTGAAGATGTCCTGCAAGGCTTCTGGATACACATTCACTAGCTATGTTATGCTCTGGGTGAAGCAGAAGCCTGGGCAGGGCCTTGAGTGGATTGGATATATTAATCCTTACAATGATGCTACTAAGTACAATGAGAAGTTCAAAGGCAAGGCCACACTGACTTCAGACAAATCCTCCAGCACAGCCTACATGGACCTCAGCAGCCTGACCTCTGAGGACTCTGCGGTCTATTACTGTGCAAGAGTACGGCCCTATGCTATGGACTACTGGGGTCAAGGAACCTCAGTCACCGTCTCCTCA		-	-	-	-	-	-	-	-	-	-
plate45	05-SMARTindex	L118/59	206	91.6	225	Illumina	AAACAACCTATGATCAGTGTCCTCTCCACAGTCCCTGAACACACTGACTCTCACCATGGAATGGAGCGGGGTCTTTATCTTTCTCCTGTCAGTAACTGCAGGTGTCCACTCCCAGGTCCAGCTGCAGCAGTCTGGAGCTGAACTGGTAAGGCCTGGGACTTCAGTGAAGATGTCCTGCAAGGCTGCTGGATACACCTTCACTAACTACTGGATAGGTTGGATAAAGCAGAGGCCTGGACATGGCCTTGAGTGGATTGGAGATATTTACCCTGGAGGTGGTTATACTAACTACAATGAGAAGTTCAAGGGCAAGGCCACACTGACTGCAGACACATCCTCCAGCACAGCCTACATGCAGCTCAGCAGCCTGACATCTGAGGACTCTGCCATCTATTACTGTGCAAGATTACTACGGTACCTTATGGACTACTGGGGTCAAGGAACCTCAGTCACCGTCTCCTCA		-	-	-	-	-	-	-	-	-	-
plate45	06-SMARTindex	L118/72	77	56.6	136	Illumina	AACATATGTCCAATGTCCTCTCCTCAGACACTGAACACACTGACTCTAACCATGGGATGGAGCTGGATCTTTCTCTTTCTCCTGTCAGGAACTGCAGGTGTCCTCTCTGAGGTCCAGCTGCAACAGTCTGGACCTGAGCTGGTGAAGCCTGGGGCTTCAGTGAAGATATCCTGCAAGACTTCTGGAAACACATTCACTGAATACACCATGCACTGGGTGAAACAGAGCCATGGAAAGAGCCTTGAGTGGATTGGAGGTATTAATCCTAACAATGGTGGTACTAGCTACAACCAGAAGTTCAAGGGCAAGGCCACATTGACTGTAGACAAGTCCTCCAGCACAGCCTACATGGAGCTCCGCAGCCTGACATCTGAGGATTCTGCAGTCTATTACTGTGCAAGAGCCCCTTACTATAGGTACGAGTTTGCTTACTGGGGCCAAGGGACTCTGGTCACTGTCTCTGCA		-	-	-	-	-	-	-	-	-	-
plate45	06-SMARTindex	L118/72	54	39.7	136	Illumina	ACAGACGCACAACCCTGGACTCACAAGTCTTTCTCTTCAGTGACAAACACAGAAATAGAACATTCACCATGTACTTGGGACTGAACTGTGTATTCATAGTTTTTCTCTTAAAAGGTGTCCAGAGTGAAGTGATTCTTGAGGAGTCTGGAGGAGGCTTGGTGCAACCTGGAGGATCCATGAAACTCTCCTGTGTTGCCTCTGGATTCACTTTCAGTAACTACTGGATGAACTGGGTCCGCCAGTCTCCAGAGAGGGGGCTTGAGTGGGTTGCTGAAATTAGATTAAAATCTAATAATTATGCAACACATTATGCGGAGTCTGTGAAAGGGAGGTTCACCGTCTCAAGAGATGATTCCGAAAGTAGTGTCTACCTGCACATGAACAACTTAAGAGCTGAAGACACTGGCATTTATTACTGTTCCAGGTATTCCTTCGGTAGTAGCTTTGACTTCTGGGGCCAAGGCACCACTCTCACAGTCTCCTCA		-	-	-	-	-	-	-	-	-	-
plate45	07-SMARTindex	L118/89	792	89.5	885	Illumina	AGGCAGAGAACTTTAGCCCTGTCTTCCTTTTTGTGTTCAGCACTGACATTATAACATTGAACATGCTGTTGGGGCTGAAGTGGGTTTTCTTTGTTGTTTTTTATCAAGGTGTGCATTGTGAGGTACAGCTTGTTGAGACTGGTGGAGGATTGGTGCAGCCTAAAGGGTCATTGAAACTCTCATGTGCAGCCTCTGGATTCACCTTCAATACCAATGCCATGAACTGGGTCCGCCAGGCTCCAGGAAAGGGTTTCGAGTGGATTGCTCGCATAAGAAGTAAAAGTACTAATTATGCAACATATTATGCCGATTCAGTGAAAGACAGGTTCACCATCTCCAGAGATGATTCACAAAACATGCTCTATCTGCAAATGAACAACTTGAAAACTGAGGACACAGCCATGTATTACTGTGTGAGAGGTGATTACGACGAGGACTTTGACTACTGGGGCCAAGGCACCACTCTCACAGTCTCCTCA		-	-	-	-	-	-	-	-	-	-
plate45	08-SMARTindex	L118/102	234	68.4	342	Illumina	AAAACATGAGATCACAGTTCTCTCTACAGTTACTGAGCACACAGGACCTCACCATGGGATGGAGCTGTATCATCCTCTTCTTGTTAGCAACAGCTACAGGTGTCCACTCCCAGGTCCAACTGCAGCAGCCTGGGGCTGGGCTGGTGAGGCCTGGGGCTTCAGTGAAGCTGTCCTGCAAGGCTTCTGGCTACACCTTCACCAGCTACTGGATTAACTGGGTGAAGCAGGGGCCTGGACAAGGCCTTGACTGGATCGGAAATATTTATCCTTCTGATAGTTATACTAACTACAATCAAAAGTTCAAGGACAAGGCCACATTGACTGTAGACAAATCCTCCAGCACAGCCTACATGCAGCTCAGCAGCCCGACATCTGAGGACTCTGCGGTCTATTACTGTACAATCTCCTATGATGGTTACTACGTGGGGGCTATGGACTACTGGGGTCAAGGAACCTCAGTCACCGTCTCCTCA		-	-	-	-	-	-	-	-	-	-
plate45	09-SMARTindex	L118/2	36	81.8	44	Illumina	AGGCAGAGAACTTTAGCCCTGTCTTCTTTTTTAGTGTTCAGCACTGACAATATGACATTGAACATACTGTTGGGGCTGAAGTGGGTTTTCTTTGTTGTTTTTTATCAAGGTGTGCATTGTGAGGTGCAGCTTGTTGAGTCTGGTGGAGGATTGGCTCACCCTAAAGGGTCATTGAAACTCTCATGTGCAACCTCTGGATTCACCTTCAATTCCTACGCCATGAACTGGGTCCGCCAGGCTCCAGGAAAGGGTTTGGAATGGGTTGCTCGCATAAGAAGTAAACGTTATAATTATGCAACATATTATGACGATTCAGTGAAAGACAGGTTCACCATCTCCAGAGACGATTCACAAAGCATGCTCTATCTGCAAATGAACAACTTGAAAACTGAGGACACAGCCATCTATTACTGTGTGAGACGGGATAAACGGGATTACCATGCTATGGACTACTGGGGTCAAGGAACCTCAGTCACCGTCTCCTCA	L118/104	-	-	-	-	-	-	-	-	-	-
plate45	10-SMARTindex	L118/17	968	85.9	1127	Illumina	GCATATGATCAGTAACCTCTTCACAGTCACTGAAAACACTGACTCTAATCATGGAATGTAACTGGATACTTCCTTTTATTCTGTCAGTAACTTCAGGTGTCTACTCACAGGTTCAGCTCCAGCAGTCTGGGGCTGAGCTGGCAAGACCTGGGGCTTCAGTGAAGTTGTCCTGCAAGGCTTCTGGCTACACCTTTACTAGGTACTGGATGCAGTGGATAAAACAGAGGCCTGGACAGGGTCTGGAATGGATTGGGGCTATTTATCCTGGAGATGGTGATACTAGGTACACTCAGAAGTTCAAGGACAAGGCCACATTGACTGCAGATAAATCTTCCAGCACAGCCTACATGCAGCTCAGCAGCTTGGCATCTGAGGACTCTGCGGTCTATTACTGTGCAAGAGAGGGGGATGATAACTACGGAGGTTTTACTTACTGGGGCCAAGGGACTCTGGTCACTGTCTCTGCA		-	-	-	-	-	-	-	-	-	-
plate45	11-SMARTindex	L118/29	14	35.9	39	Illumina	ATAAGATCACTGTTCTCTCTACAGTTACTGAGCACACAGGACCTCACCATGGGATGGAGCTGTATCATCCTCTTCTTGGTAGCAACAGCTACAGGTGTCCACTCCCAGGTCCAACTGCAGCAGCCTGGGGCTGAGCTGGTGAGGCCTGGGGCTTCAGTGAAGCTGTCCTGCAAGGCTTCTGGCTACACCTTCACCAGCTACTGGATGAACTGGGTGAAGCAGAGGCCTGGACAAGGCCTTGAATGGATTGGTTTGATTGATCCTTCAGACAGTGAAACTCACTACAATCAAATGTTCAAGGACAAGGCCACTTTGACTGTAGACAAATCCTCCAGCACAGCCTACATGCAGCTCAGCAGCCTGACATCTGAGGACTCTGCGGTCTATTACTGTGCAAGTTACTACGGTATTAGCCGCTGGGGCCAAGGCACCACTCTCACAGTCTCCTCA	L118/60	-	-	-	-	-	-	-	-	-	-
plate45	12-SMARTindex	L118/46	2057	61.5	3344	Illumina	AAGGGAGTGACCAGTTAGTCTTAAGGCACCACTGAGCCCAAGTCTTAGACATCATGGCTTGGGTGTGGACCTTGCTATTCCTGATGGCAGCTGCCCAAAGTATCCAAGCACAGATCCAGTTGGTGCAGTCTGGACCTGAGCTGAAGAAGCCTGGAGAGACAGTCAAGATCTCCTGCAAGGCTTCTGGTTATACCTTCACAGATTATTTAATGCACTGGGTGAAGCAGGCTCCAGGAAAGGGTTTAAAGTGGATGGGCTGGATAAACACTGAGACTGGTGAGCCAACATATGTAGATGACTTCAAGGGACGGTTTGCCTTCTCTTTGGAAACCTCTGCCAGCACTGCCTATTTGCAGATCAACAACCTCAAAAATGAGGACACGGCTACATATTTCTGTGCTACTACGGGGTTTGCTTACTGGGGCCAAGGGACTCTGGTCACTGTCTCTGCA		-	-	-	-	-	-	-	-	-	-
plate45	13-SMARTindex	L118/60	19	38	50	Illumina	AGAGGCACCAAACTGTGGACTCACAAGTCTTTCCCTTCAGTGACCAACAGGGACACAGAACATTCACCATGGACTTGAGACTGAGCTGCGCTTTTATTATTGTTCTTTTAAAAGGGGTCCAGAGTGAAGTGAAGCTTGAGGAGTCTGGAGGAGGCTTGGTGCAACCTGGAGGATCCATGAAACTCTCCTGTGTAGCCTCTGGATTTACTTTCACTAACTACTGGATGTCTTGGGTCCGCCAGTCTCCAGAGAAGGGGCTTGAGTGGGTTGCTGAAATTAGATTGAAATCTGATAATTATGCAACACATTATGCGGAGTCTGTGAAAGGGAAGTTCACCATCTCAAGAGATGATTCCAAAAGTCGTCTCTACCTGCAAATGAACAACTTAAGAGCTGAAGACACTGGAATTTATTATTGTACGAGGTACTACGGTAGTTTTGACTACTGGGGCCAAGGCACCACTGTCACAGTCTCCTCA	L118/48	-	-	-	-	-	-	-	-	-	-
plate45	13-SMARTindex	L118/60	26	52	50	Illumina	ATAAGATCACTGTTCTCTCTACAGTTACTGAGCACACAGGACCTCACCATGGGATGGAGCTGTATCATCCTCTTCTTGGTAGCAACAGCTACAGGTGTCCACTCCCAGGTCCAACTGCAGCAGCCTGGGGCTGAGCTGGTGAGGCCTGGGGCTTCAGTGAAGCTGTCCTGCAAGGCTTCTGGCTACACCTTCACCAGCTACTGGATGAACTGGGTGAAGCAGAGGCCTGGACAAGGCCTTGAATGGATTGGTTTGATTGATCCTTCAGACAGTGAAACTCACTACAATCAAATGTTCAAGGACAAGGCCACTTTGACTGTAGACAAATCCTCCAGCACAGCCTACATGCAGCTCAGCAGCCTGACATCTGAGGACTCTGCGGTCTATTACTGTGCAAGTTACTACGGTATTAGCCGCTGGGGCCAAGGCACCACTCTCACAGTCTCCTCA	L118/29	-	-	-	-	-	-	-	-	-	-
plate45	14-SMARTindex	L118/73	280	97.2	288	Illumina	AAAAAAAATACGATCAGCATCCTCTCCACAGACACTGAAAACTCTGACTCACAATGGAAAGGCACTGGATCTTTCTCTTCCTGTTTTCAGTAACTGCAGGTGTCCACTCCCAGGTCCAGCTTCAGCAGTCTGGGACTGAACTGGCAAAACATGGGGCCTCAGTGAAGATGTCCTGCAAGGCTTCTGGCAACACCTTTACTAGGTACTGGATGCACTGGGTAAAACAGAGGCCTGGACAGGGTCTGGAATGGATTGGATACATTAATCCTAGCACTGGGTATACTGAGTACAGTCAGAAGTTCAAGGACAAGGCCACATTGACTGCAGACAAATCCTCCAGCACAGCCTACATGGAACTGAGCAGCCTGACATCTGAGGACTCTGCAGTCTATTTCTGTTCAAGGGCCCTCTTTACTTGGGGCCAAGGGACTCTGGTCACTGTCTCTGCA		-	-	-	-	-	-	-	-	-	-
plate45	15-SMARTindex	L118/90	1589	91.4	1738	Illumina	AAGATCACAGTAGTCTCTACAGTCACAGGAGTACACCGGGCATTGACATGGGTTGGAGCTGTATCATCTTCTTTCTGGTAGCAACAGCTACAGGTGTGCACTCCCAGGTCCAGCTGCAGCAGTCTGGGGCTGAGCTGGTGAGGCCTGGGGTCTCAGTGAAGATTTCCTGCAAGGGTTCTGGCTACACATTCACTGATTATGCTATGCACTGGGTGAAGCAGAGTCATGCAAAGAGTCTAGAGTGGATTGGAGTTATTAGTACTTACTATGTTGATGCTAGCTACAACCAGAAGTTCAAGGGCAAGGCCACAATGACTGTAGACAAATCCTCCAGCACAGCCTATATGGAACTTGCCAGACTGACATCTGAGGATTCTGCCATCTATTACTGTGCAAGATGGGATTACGATTACTATGCTATGGACTACTGGGGTCAAGGAACCTCAGTCACCGTCTCCTCA		-	-	-	-	-	-	-	-	-	-
plate45	16-SMARTindex	L118/104	372	27.7	1342	Illumina	AGGCAGAGAACTTTAGCCCTGTCTTCTTTTTTAGTGTTCAGCACTGACAATATGACATTGAACATACTGTTGGGGCTGAAGTGGGTTTTCTTTGTTGTTTTTTATCAAGGTGTGCATTGTGAGGTGCAGCTTGTTGAGTCTGGTGGAGGATTGGCTCACCCTAAAGGGTCATTGAAACTCTCATGTGCAACCTCTGGATTCACCTTCAATTCCTACGCCATGAACTGGGTCCGCCAGGCTCCAGGAAAGGGTTTGGAATGGGTTGCTCGCATAAGAAGTAAACGTTATAATTATGCAACATATTATGACGATTCAGTGAAAGACAGGTTCACCATCTCCAGAGACGATTCACAAAGCATGCTCTATCTGCAAATGAACAACTTGAAAACTGAGGACACAGCCATCTATTACTGTGTGAGACGGGATAAACGGGATTACCATGCTATGGACTACTGGGGTCAAGGAACCTCAGTCACCGTCTCCTCA	L118/2	-	-	-	-	-	-	-	-	-	-
plate45	18-SMARTindex	L118/18	104	96.3	108	Illumina	AAAAAAAATACGATCAGCATCCTCTCCACAGACACTGAAAACTCTGACTCACAATGGAAAGGCACTGGATCTTTCTCTTCCTGTTTTCAGTAACTGCAGGTGTCCACTCCCAGGTCCAGCTTCAGCAGTCTGGGGCTGAACTGGCAAAACCTGGGGCCTCAGTGAAGATGTCCTGCAAGGCTTCTGACTACACCTTTACTAGTTACTGGATGCACTGGGTAAAACAGAGGCCTGGACAGGGTCTGGAATGGATTGGATACATTAATCCTAGTACTGGTTATACTGAGTACAATCAGAAGTTCAAGGACAAGGCCACATTGACTGCAGACAAATCCTCCAGCACAGCCTACATGCAACTGAGCAGCCTGACATCTGAGGACTCTGCAGTCTATTACTGTGCAAGAAACTACGTAGGCTACTGGGGCCAAGGCACCACTCTCACAGTCTCCTCA	L118/23	-	-	-	-	-	-	-	-	-	-
plate45	19-SMARTindex	L118/30	3108	76.9	4043	Illumina	AACCGACGATCAGTGTCCTCTCCAAAGTCCCTGAACACACTGACTCTAACCATGGAATGGAGTTGGATATTTCTCTTTCTCCTGTCAGGAACTGCAGGTGTCCACTCTGAGGTCCAGCTGCAGCAGTCTGGACCTGAGCTGGTAAAGCCTGGGGCTTCAGTGAAGATGTCCTGCAAGGCTTCTGGATACACATTCACTAGCTATGTTATGCACTGGGTGAAGCAGAAGCCTGGGCAGGGCCTTGAGTGGATTGGATATATTAATCCTTACAATGATGGTACTAAGTACAATGAGAAGTTCAAAGGCAAGGCCACACTGACTTCAGACAAATCCTCCAGCACAGCCTACATGGAGCTCAGCAGCCTGACCTCTGAGGACTCTGCGGTCTATTACTGTGCAAGGGCCAATCTAGTAGCTACACGCCCTTACTATGCTATGGTCTACTGGGGTCAAGGAACCTCAGTCACCGTCTCCTCA	L118/105	-	-	-	-	-	-	-	-	-	-
plate45	20-SMARTindex	L118/47	2602	94.3	2758	Illumina	AACATATGTCCAATGTCTTCTCCACAGACACTGAACACACTGACTCTAACCATGGGATGGAGCTGGATCTTTCTCTTTCTCCTGTCAGGAACTGCAGGTGTCCTCTCTGAGGTCCAGCTGCAACAGTCTGGACCTGAGCTGGTGAAGCCTGGGGCTTCAGTGAATATATCCTGCAAGGCTTCTGGTTACTCATTCACTGGCTACTACATGCACTGGGTGAAGCAAAGCCATGTAAAGAGCCTTGAGTGGATTGGACGTATTAATCCTTACAATGGTGCTACTGGTTACAACCAGAATTTCAAGGACAAGGCCAGCTTGACTGTAGATAAGTCCTCCAGCACAGCCTACATGGAGGTCCACAGCCTGACATCTGAGGACTCTGCAGTCTATTACTGTGCAAGAGGGGGCTATAACTACTTTGACTACTGGGGCCAAGGCACCACTCTCACAGTCTCCTCA		-	-	-	-	-	-	-	-	-	-
plate45	21-SMARTindex	L118/61	448	91.6	489	Illumina	ATCATCTTCTCATAGAGCCTCCATCAGAGCATGGCTGTCCTGGCATTACTCTTCTGCCTGGTAACATTCCCAAGCTGTATCCTTTCCCAGGTGCAGCTGAAGGAGTCAGGACCTGGCCTGGTGGCGCCCTCACAGAGCCTGTCCATCACATGCACCGTCTCAGGGTTCTCATTAACCGGCTATGGTGTAAACTGGGTTCGCCAGCCTCCAGGAAAGGGTCTGGAGTGGCTGGGAATGATATGGGGTGATGGAAGCACAGACTATAATTCAGCTCTCAAATCCAGACTGAACATCAGCAAGGACAACTCCAAGAGCCAAGTTTTCTTAAAAATGAACAGTCTGCAAACTGATGACACAGCCAGGTACTACTGTGCCAGAGGTTCCTATGGTTACGAGTTTGCTTACTGGGGCCAAGGGACTCTGGTCACTGTCTCTGCA		-	-	-	-	-	-	-	-	-	-
plate45	22-SMARTindex	L118/74	836	94.7	883	Illumina	AACCGACGATCAGTGTCCTCTCCAAAGTCCCTGAACACACTGACTCTAACCATGGAATGGAGTTGGATATTTCTCTTTCTCCTGTCAGGAACTGCAGGTGTCCACTCTGAGGTCCAGCTGCAGCAGTCTGGACCTGAGCTGGTAAAGCCTGGGGCTTCAGTGAAGATGTCCTGCAAGGCTTCTGGATACACATTCACTAGCTATGTTATGCACTGGGTGAAGCAGAAGCCTGGGCAGGGCCTTGAGTGGATTGGATATATTAATCCTTACAATGATGGTACTAAGTACAATGAGAAGTTCAAAGGCAAGGCCACACTGACTTCAGACAAATCCTCCAGCACAGCCTACATGGAGCTCAGCAGCCTGACCTCTGAGGACTCTGCGGTCTATTACTGTGCAAGATATGGTTACGACGAGGGAGACTTTGACTACTGGGGCCAAGGCACCACTCTCACAGTCTCCTCA		-	-	-	-	-	-	-	-	-	-
plate45	23-SMARTindex	L118/91	1766	99.1	1782	Illumina	AACATATGTCCAATGTCCTCTCCTCAGACACTGAACACACTGACTCTAACCATGGGATGGAGCTGGATCTTTCTCTTTCTCCTGTCAGGAACTGCAGGTGTCCTCTCTGAGGTCCAGCTGCAACAGTCTGGACCTGAGCTGGTGAAGCCTGGGGCTTCAGTGAAGATATCCTGCAAGACTTCTGGATACACATTCACTGAATACACCATGCACTGGGTGAAGCAGAGCCATGGAAAGAGCCTTGAGTGGATTGGAGGTATTAATCCTAACAATGGTGGTACTAGCTACAACCAGAAGTTCAAGGGCAAGGCCACATTGACTGTAGACAAGTCCTCCAGCACAGCCTACATGGAGCTCCGCAGCCTGACATCTGAGGATTCTGCAGTCTATTACTGTGCAAGAAAGTATGGTAACCCCTTTGACTACTGGGGCCAAGGCACCACTCTCACAGTCTCCTCA		-	-	-	-	-	-	-	-	-	-
plate45	24-SMARTindex	L118/105	155	31.7	489	Illumina	AACCGACGATCAGTGTCCTCTCCAAAGTCCCTGAACACACTGACTCTAACCATGGAATGGAGTTGGATATTTCTCTTTCTCCTGTCAGGAACTGCAGGTGTCCACTCTGAGGTCCAGCTGCAGCAGTCTGGACCTGAGCTGGTAAAGCCTGGGGCTTCAGTGAAGATGTCCTGCAAGGCTTCTGGATACACATTCACTAGCTATGTTATGCACTGGGTGAAGCAGAAGCCTGGGCAGGGCCTTGAGTGGATTGGATATATTAATCCTTACAATGATGGTACTAAGTACAATGAGAAGTTCAAAGGCAAGGCCACACTGACTTCAGACAAATCCTCCAGCACAGCCTACATGGAGCTCAGCAGCCTGACCTCTGAGGACTCTGCGGTCTATTACTGTGCAAGGGCCAATCTAGTAGCTACACGCCCTTACTATGCTATGGTCTACTGGGGTCAAGGAACCTCAGTCACCGTCTCCTCA	L118/30	-	-	-	-	-	-	-	-	-	-
plate45	24-SMARTindex	L118/105	167	34.2	489	Illumina	ATATGACCCCTGTCTTCTCCACAGTCCCTGAACACACTGACTCTAACCATGGAATGGCCTTGTATCTTTCTCTTCCTCCTGTCAGTAACTGAAGGTGTCCACTCCCAGGTTCAGCTGCAGCAGTCTGGGGCTGAGCTGGTGAGGCCTGGGTCCTCAGTGAAGATTTCCTGCAAGGCTTCTGGCTATGCATTCAGTAGCTACTGGATGAACTGGGTGAAGCAGAGGCCTGGACAGGGTCTTGAGTGGATTGGACAGATTTATCCTGGAGATGGTGATACTAACTACAATGGAAAGTTCAAGGGTAAAGCCACACTGACTGCAGACAAATCTTCCAGCACAGCCTACATGCAGCTCAGCAGCCTAACATCTGAGGACTCTGCGGTCTATTTCTGTGCCCTCTATTACTACGGCTACGTAAACTATGCTATGGACTACTGGGGTCAAGGAACCTCAGTCACCGTCTCCTCA	L118/68	-	-	-	-	-	-	-	-	-	-
plate45	25-SMARTindex	L118/4	95	99	96	Illumina	ATCTCCTCACTAGAGCCCCCATCAGAGCATGGCTGTCCTGGTGCTGTTCCTCTGCCTGGTTGCATTTCCAAGCTGTGTCCTGTCCCAGGTGCAGCTGAAGGAGTCAGGACCTGGCCTGGTGGCGCCCTCACAGAGCCTGTCCATCACTTGCACTGTCTCTGGGTTTTCATTAACCTCCTATGGTGTACACTGGGTTCGCCAGCCTCCAGGAAAGGGTCTGGAGTGGCTGGGAGTAATATGGGCTGGTGGAAGCACAAATTATAATTCGGCTCTCATGTCCAGACTGAGCATCAGCAAAGACAACTCCAAGAGCCAAGTTTTCTTAAAAATGAACAGTCTGCAAACTGATGACACAGCCATGTACTACTGTGCCAGAGAGGACGGTAACTACGAGGGGTTTGCTTACTGGGGCCAAGGGACTCTGGTCACTGTCTCTGCA		-	-	-	-	-	-	-	-	-	-
plate45	26-SMARTindex	L118/19	713	77.8	917	Illumina	ATATGACCCCTGTCTTCTCCACAGTCCCTGAACACACTGACTCTAACCATGGAATGGCCTTGTATCTTTCTCTTCCTCCTGTCAGTAACTGAAGGTGTCCACTCCCAGGTTCAGCTGCAGCAGTCTGGGGCTGAGCTGGTGAGGCCTGGGTCCTCAGTGAAGATTTCCTGCAAGGCTTCTGGCTATGCATTCAGTAGCTACTGGATGAACTGGGTGAAGCAGAGGCCTGGACAGGGTCTTGAGTGGATTGGACAGATTTATCCTGGAGATGGTGATACTAACTACAATGGAAAGTTCAAGGGTAAAGCCACACTGACTGCAGACAAATCCTCCAGCACAGCCTACATGCAGCTCAGCAGCCTAACATCTGAGGACTCTGCGGTCTATTTCTGTGCAAGGCTAGCTGGGAGGGCTATGGACTACTGGGGTCAAGGAACCTCAGTCACCGTCTCCTCA		-	-	-	-	-	-	-	-	-	-
plate45	27-SMARTindex	L118/31	14	73.7	19	Illumina	GCATATGATCAGTAACCTCTTCACAGTCACTGAAAACACTGACTCTAATCATGGAATGTAACTGGATACTTCCTTTTATTCTGTCAGTAACTTCAGGTGTCTACTCACAGGTTCAGCTCCAGCAGTCTGGGGCTGAGCTGGCAAGACCTGGGGCTTCAGTGAAGTTGTCCTGCAAGGCTTCTGGCTACACCTTTACTAACTACTGGATGCAGTGGGTAAAACAGAGGCCTGGACAGGGTCTGGAATGGATTGGGGCTATTTATCCTGGAGATGGTGATACTAGGTACACTCAGAAGTTCAAGGGCAAGGCCACATTGACTGCAGATAAATCCTCCAGCACAGCCTACATGCAACTCAGCAGCTTGGCATCTGAGGACTCTGCGGTCTATTACTGTGCAAGAACGGGATTACGACGTACGGGTTATTATGTTATGGACTACTGGGGTCAAGGAACCTCAGTCACCGTCTCCTCA	L118/41	-	-	-	-	-	-	-	-	-	-
plate45	28-SMARTindex	L118/48	626	98.3	637	Illumina	AGAGGCACCAAACTGTGGACTCACAAGTCTTTCCCTTCAGTGACCAACAGGGACACAGAACATTCACCATGGACTTGAGACTGAGCTGCGCTTTTATTATTGTTCTTTTAAAAGGGGTCCAGAGTGAAGTGAAGCTTGAGGAGTCTGGAGGAGGCTTGGTGCAACCTGGAGGATCCATGAAACTCTCCTGTGTAGCCTCTGGATTTACTTTCACTAACTACTGGATGTCTTGGGTCCGCCAGTCTCCAGAGAAGGGGCTTGAGTGGGTTGCTGAAATTAGATTGAAATCTGATAATTATGCAACACATTATGCGGAGTCTGTGAAAGGGAAGTTCACCATCTCAAGAGATGATTCCAAAAGTCGTCTCTACCTGCAAATGAACAACTTAAGAGCTGAAGACACTGGAATTTATTATTGTACGAGGTACTACGGTAGTTTTGACTACTGGGGCCAAGGCACCACTGTCACAGTCTCCTCA	L118/60	-	-	-	-	-	-	-	-	-	-
plate45	29-SMARTindex	L118/62	413	93.9	440	Illumina	ATCCTCTTCTCATAGAGCCTCCATCAGAGCATGGCTGTCCTGGTGCTGCTCCTCTGCCTGGTGACATTCCCAAGCTGTGTCCTGTCCCAGGTGCAGCTGAAGCAGTCAGGACCTAGCCTAGTGCAGCCCTCACAGAGCCTGTCCATAACCTGCACTGTCTCTGGTTTCTCATCAACTAACCATGGTGTTCACTGGGTTCGCCAGTCTCCAGGAAAGGGTCTGGAGTGGCTGGGAGTGATTTGGAGAGGTGGAAGCACAGACTACAATGTAGCTTTCATGTCCAGACTGAGCATCACCAAGGACAAGTCCAAGACTGAAGTTTTCTTTAAAATGAACAGTCTGCAAGCTGATGACACTGCCATATACTACTGTGCCATAATAGGTCATTATGATTCCTATGCTATGGACTACTGGGGTCAAGGAACCTCAGTCACCGTCTCCTCA		-	-	-	-	-	-	-	-	-	-
plate45	30-SMARTindex	L118/76	549	95.5	575	Illumina	AGCTCTGACAGAGGAGGCCGGTCCTGGATTCGATTCCCAGTTCCTCACATTCAGTCAGCACTGAACACGGACCCCTCACCATGAACTTCGGGCTCAGCTTGATTTTCCTTGCCCTCATTTTAAAAGGTGTCCAGTGTGAGGTGCTTCTGGTGGAGTCTGGGGGAGACTTAGTGAAGCCTGGAGGGTCCCTGAAACTCTCCTGTGCACCCTCTGGATTCACTTTCAGTGCTTATGGCATGTCTTGGGTTCGCCAGACTCCAGACAAGAGGCTGGAGTGGGTCGCAACCATTAGTAGTGGTGGTACTTACACCTACTATCCAGACAGTATGAAGGGGCGATTCACCATCTCCAGAGACAATGCCAAGAACACCCTGTACCTGCAAATGAGCAGTCTGAAGTCTGAGGACACAGCCATGTATTACTGTGCAAGAGAGGATCCTGATGGTTTTACTTACTGGGGCCAAGGGACTCTGGTCACTGTCTCTGCA		-	-	-	-	-	-	-	-	-	-
plate45	31-SMARTindex	L118/92	230	71.2	323	Illumina	GCATATGATCAGTAACCTCTTCACAGTCACTGAAAACACTGACTCTAATCATGGAATGTAACTGGATACTTCCTTTTATTCTGTCAGTAACTTCAGGTGTCTACTCACAGGTTCAGCTCCAGCAGTCTGGGGCTGAGCTGGCAAGACCTGGGGCTTCAGTGAAGTTGTCCTGCAAGGCTTCTGGCTACACCTTTACTAGTTACTGGATGCAGTGGGTAAAACAGAGGCCTGGACAGGGTCTGGAATGGATTGGGGCTATTTATCCTGGAGATGGTGATACTAGGTACACTCAGAAGTTCAAGGGCAAGGCCACATTGACTGCAGAGAAATCCTCCAGCACAGCCTACATGCAATTCAGCAGTTTGGCATCTGAGGACTCTGCGGTCTATTACTGTGTAAAGGGGGGTTACGACTATGGTATGGACTACTGGGGTCAAGGAACCTCAGTCACCGTCTCCTCA		-	-	-	-	-	-	-	-	-	-
plate45	32-SMARTindex	L118/106	156	71.9	217	Illumina	TCTGACAGAGGAGGCCAGTCCTGGATTTGAGTTCCTCACATTCAGTGATGAGCACTGAACACAGACACCTCACCATGAACTTCGGGTTCAGCTTGATTTTCCTTGTCCTTGTTTTAAAAGGTGTCCAGTGTGAAGTGAAGCTGGTGGAGTCTGGGGGAGACTTAGTGAAGCCTGGAGGGTCCCTGAAACTCTCCTGTGCAGCCTCTGGATTCACTTTCAATACCTATGCCATGTCTTGGGTTCGCCAGACTCCAGAGAAGAGGCTGGTATGGGTCGCATCCATTAGTAGTGGTGGTAGCACCTACTATCCAGACATTGTGAAGGGCCGATTCACCATCTCCAGAGATAATGCCAGGAACATCCTGTACCTGCTAATGAGCAGTCTGAGGTCTGAGGACACGGCCATATATTACTGTGCAAGACAGGCCTACTCTGGTAACCACTACTTTGACTACTGGGGCCAAGGCACCACTCTCACAGTCTCCTCA		-	-	-	-	-	-	-	-	-	-
plate45	33-SMARTindex	L118/5	185	96.9	191	Illumina	ATCCTCTTCTCATAGAGCCTCCATCAGAGCATGGCTGTCTTGGGGCTGCTCTTCTGCCTGGTGACATTCCCAAGCTGTGTCCTATCCCAGGTGCAGCTGAGGCAGTCAGGACCTGGCCTAGTGCAGCCCTCACAGAGCCTGTCCATCACCTGCACAGTCTCTGCTTTCTCATTAACTATCTATGGTATACACTGGGTTCGCCAGTCTCCAGGAAAGGGTCTGGAGTGGCTGGGAGTGATATGGAGTGGTGGAAGCACAGACTATAATGCAGCTTTCATGTCCAGACTGACCATCATCAAGGACAATTCCAGGAGCCAAGTTTTCTTTAAAATGAACAGTCTGCAAGCTAATGACACAGCCATATATTACTGTGCCAGAAATGATGGTTACTACGGGTTTACTTACTGGGGCCAAGGGACTCTGGTCACTGTCTCTGCA		-	-	-	-	-	-	-	-	-	-
plate45	34-SMARTindex	L118/20	2292	98.8	2321	Illumina	GCATATGATCAGTAACCTCTTCACAGTCACTGAAAACACTGACTCTAATCATGGAATGTAACTGGATACTTCCTTTTATTCTGTCAGTAACTTCAGGTGTCTACTCACAGGTTCAGCTCCAGCAGTCTGGGGCTGAGCTGGCAAGACCTGGGGCTTCAGTGAAGTTGTCCTGCAAGGCTTCTGGCTACACCTTTACTAGCTACTGGATGCAGTGGGTAAAACAGAGGCCTGGACAGGGTCTGGAATGGATTGGGGCTATTTATCCTGGAGATGGTGATACTAGGTACACTCAGAAGTTCAAGGGCAAGGCCACATTGACTGCAGATAAATCCTCCAGCACAGCCTACATGCAACTCAGCAGCTTGGCATCTGAGGACTCTGCGGTCTATTACTGTGCAAGAGATTACTACGGTAGTAGCTACGTGAGGAACTACTTTGACTACTGGGGCCAAGGCACCACTCTCACAGTCTCCTCA		-	-	-	-	-	-	-	-	-	-
plate45	36-SMARTindex	L118/49	178	98.9	180	Illumina	AAACATGAGATCACTGTTCTCTCTACAGTTACTGAGCACACAGGACCTCACCATGGGATGGAGTTGTATCATCCTCTTCTTGGTAGCAACAGCTACAGGTGTCCACTCCCAGGTGCAACTGCAGCAGCCTGGGGCTGAGTTGGTGAAGCCTGGGGCCTCAGTGAAGATGTCCTGCAAGGCTTCTGGCTACACATTTACCAGTTACAATATGCACTGGGTAAAGCAGACACCTGGACAGGGCCTGGAATGGATTGGAACTATTTATCCAGGAAATGGTGATACTTCCTACAATCAGAAGTTCAAAGGCAAGGCCACATTGACTGCAGACAAATCCTCCAGCACAGCCTACATGCAGCTCAGCAGCCTGACATCTGAGGACTCTGCGGTCTATTACTGTGCAAGAGATAGGTACGACGGGGATTACTATCCTATGGACTACTGGGGTCAAGGAACCTCAGTCACCGTCTCCTCA		-	-	-	-	-	-	-	-	-	-
plate45	37-SMARTindex	L118/63	627	98.4	637	Illumina	GCATATGATCAGTAACCTCTTCACAGTCACTGAAAACACTGACTCTAATCATGGAATGTAACTGGATACTTCCTTTTATTCTGTCAGTAACTTCAGGTGTCTACTCACAGGTTCAGCTCCAGCAGTCTGGGGCTGAGCTGGCAAGACCTGGGGCTTCAGTGAAGTTGTCCTGCAAGGCTTCTGGCTACACCTTTACTAGCTACTGGATGCAGTGGGTAAAACAGAGGCCTGGACAGGGTCTGGAATGGATTGGGGCTATTTATCCTGGAGATGGTGATACTAGGTACACTCAGAAGTTCAAGGACAAGGCCACATTGACTGCAGATAAATCCTCCAGCACAGCCTACATGCAACTCAGCAGCTTGGCATCTGAGGACTCTGCGGTCTATTACTGTGCAAGAACGGGATTACGACGTACGGGTTTCTATGTTATGGACTACTGGGGTCAAGGAACCTCAGTCACCGTCTCCTCC		-	-	-	-	-	-	-	-	-	-
plate45	38-SMARTindex	L118/77	608	94.1	646	Illumina	ATGAGCACTGTTTTCTCTACAGTCACTGAATCTCAAGGTCCTTACAATGAAATGCAGCTGGGTCATCTTCTTCCTGATGGCAGTGGTTACAGGGGTCAATTCAGAGGTTCAGCTGCAGCAGTCTGGGGCTGAGCTTGTGAGGCCAGGGGCCTTAGTCAAGTTGTCCTGCAAAGCTTCTGGCTTCAACATTAAAGACTACTATATGCACTGGGTGAAGCAGAGGCCTGAACAGGGCCTGGAGTGGATTGGATGGATTGATCCTAAGAATGGTAATTCTATATTTGACCCGAAGTTCCAGGGCAAGGCCAGTATAACAACAGACACATCCTCCAACACAGCCTACCTGCAGCTCAGCAGCCTGACATCTGAGGACACTGCCGTCTATTACTGTTCTAGGTGGTCCACTTCTATGGACTACTGGGGTCAAGGAACCTCAGTCACCGTCTCCTCA		-	-	-	-	-	-	-	-	-	-
plate45	39-SMARTindex	L118/93	1504	63.3	2377	Illumina	AGAGGCACCAAACTGTGGACTCACAAGTCTTTCCCTTCAGTGACCAACAGGGACACAGAACATTCACCATGGACTTGAGACTGAGCTGCGCTTTTATTATTGTTCTTTTAAAAGGGGTCCAGAGTGAAGTGAAGCTTGAGGAGTCTGGAGGAGGCTTGGTGCAACCAGGAGGACCCATGAAACTCTCCTGTGTAGCCTCTGGATTTACTTTCATTAGTTATTGGATGTCTTGGGTCCGCCAGTCTCCAGAGAAGGGGCTTGAGTGGGTTGGTGAAATTAGATTGAAATCTGATAATTATGCAACACATTACGCGGAGTCTGTGAAAGGGAAGTTCACCATCTCAAGAGATGATTCCAAAAGTCGTCTCTACCTGCAACTGAACAACTTAAGTGCCGGAGACACTGGAATTTATTACTGTACGAGGTATTACGGTAGTTTTGACTACTGGGGCCAAGGCACCACTCTCACAGTCTCCTCA		-	-	-	-	-	-	-	-	-	-
plate45	39-SMARTindex	L118/93	759	31.9	2377	Illumina	AGCTCTGACAGAGGAGGCCGGTCCTGGATTCGATTCCCAGTTCCTCACATTCAGTCAGCACTGAACACGGACCCCTCACCATGAACTTCGGGCTCAGCTTGATTTTCCTTGCCCTCATTTTAAAAGGTGTCCAGTGTGAGGTGCAGCTGGTGGAGTCTGGGGGAGACTTAGTGAAGCCTGGAGGGTCCCTGAAACTCTCCTGTGCAGCCTCTGGATTCACTTTCAGTAGCTATGGCATGTCTTGGGTTCGCCAGACTCCAGACAAGAGGCTGGAGTGGGTCGCAACCATTAGTAGTGGTGGTACTTACACCTACTATCCAGACAGTGTGAAGGGGCGATTCACCATATCCAGAGACAATGCCAAGAACACCCTGTTCCTGCAAATGAGCAGTCTGAAGTCTGAGGACACAGCCATGTATTACTGTGCACTCGAGGATGCTTACGAGGGGTTTGCTTACTGGGGCCAAGGGACTCTGGTCACTGTCTCTGCA		-	-	-	-	-	-	-	-	-	-
plate45	40-SMARTindex	L118/108	53	84.1	63	Illumina	ATCCTCTTCTCATAGAGCCTCCATCAGAGTATGGCTGTCTTGGGGCTGCTCTTCTGCCTGGTGACATTCCCAAGCTGTGTCCTTTCCCAGGTGCAGCTGAAGCAGTCAGGACCTGGCCTAGTGCAGCCCTCACAGAGCCTGTCCATCACCTGCACAGTCTCTGGTTTCTCATTAACTAGTTATGGTATACACTGGGTTCGCCAGTCTCCAGGAAAGGGTCTGGAGTGGCTGGGAGTGATATGGGGTGGTGGAAGCACAGACTATAATGCAGCTTTCATATCCAGACTGAGCATCAGCAAGGACAATTCCAAGAGCCAAGTTTTCTTTAAAATGAACAGTCTGCATGTTAATGACACAGCCATTTATTACTGTGCCAAGGTAGTTGACTACTGGGGCCAAGGCACCACTGTCACAGTCTCCTCA		-	-	-	-	-	-	-	-	-	-
plate45	41-SMARTindex	L118/6	175	98.9	177	Illumina	GCATATGATCAGTAACCTCTTCACAGTCACTGAAAACACTGACTCTAATCATGGAATGTAACTGGATACTTCCTTTTATTCTGTCAGTAACTTCAGGTGTCTACTCACAGGTTCAGCTCCAGCAGTCTGGGGCTGAGTTGGCAAGACCTGGGGCTTCAGTGAAGTTGTCCTGCAAGGCTTCTGGCTACACCTTTTCTACCTACTGGATGCAGTGGGTAAAACAGAGGCCTGGACAGGGTCTGGAATGGATTGGGGCTATTTATCCTGGAAATGGTGATACTAGGTACACTCAGAAGTTCAAGGGCAAGGCCACATTGACTGCAGATAAATCCTCCAGCACAGCCTACATGCAACTCAGCAGCTTGGCATCTGAGGACTCTGCGGTCTATCACTGTGCAAGATTGTGGTATGATTGGTACTTCGATGTCTGGGGCGCAGGGACCACGGTCACCGTCTCCTCA		-	-	-	-	-	-	-	-	-	-
plate45	42-SMARTindex	L118/21	435	84.5	515	Illumina	GCATATGATCAGTAACCTCTTCACAGTCACTGAAAACACTGACTCTAATCATGGAATGTAACTGGATACTTCCTTTTATTCTGTCAGTAACTTCAGGTGTCTACTCACAGGTTCAGCTCCAGCAGTCTGGGGCTGAGCTGGCAAGACCTGGGGCTTCAGTGAAGTTGTCCTGCAAGGCTTCTGGCTACACCTTTACTTACTACTGGATGCAGTGGGTAAAACAGAGGCCTGGACAGGGTCTGGAATGGATTGGGGCTATTTATCCTGGAGATGGTGATACTAGGTACACTCAGAAGTTCAAGGGCAAGGCCACATTGACTGCAGATAAATCCTCCAGCACAGCCTACATGCAACTCAGCAACTTGGCATCTGAGGACTCTGCGGTCTATTACTGTGCAGTCTACTATGGTAACTACGTCTATGCTATGGACTACTGGGGTCAAGGAACCTCAGTCACCGTCTCCTCA		-	-	-	-	-	-	-	-	-	-
plate45	43-SMARTindex	L118/33	869	88	987	Illumina	GCATATGATCAGTAACCTCTTCACAGTCACTGAAAACACTGACTCTAATCATGGAATGTAACTGGATACTTCCTTTTATTCTGTCAGTAACTTCAGGTGTCTACTCACAGGTTCAGTTCCAGCAGTCTGGGGCTGAGCTGGCAAGACCTGGGGCTTCAGTGAAGTTGTCCTGCAAGGCTTCTGGCTACACCTTTACTAACTACTGGATGCAGTGGGTCAAACAGAGGCCTGGACAGGGTCTGGAATGGATTGGGGCTATTTATCCTGGAGATGGTGATACTAGGTACACTCAGAAGTTCAAGGGCAAGGCCACATTGACTGCAGATAAATCCTCCAGCACAGCCTACATGCAACTCAGCAGCTTGGCATCTGAGGACTCTGCGGTCTATTTCTGTGCAAGAACGGGATTACGACGTACGGGTTACTATGTTATGGACTACTGGGGTCAAGGAACCTCAGTCACCGTCTCCTCA	L118/51	-	-	-	-	-	-	-	-	-	-
plate45	46-SMARTindex	L118/78	393	69.1	569	Illumina	ACCTATGATCAGTGTCCTCTCCACAGTCTCTGAAGACACTGACTCTAACCATGGGATGGAGATGGATCTTTCTTTTCCTCCTGTCAGGAACTGCAGGTGTCCATTGCCAGGTTCAGCTGCAGCAGTCTGGACCTGAGCTGGTGAAGCCTGGGGCTTTAGTGAAGATATCCTGCAAGGCTTCTGGTTACACCTTCACAAACTACGATATAATCTGGGTGAAGCAGAGGCCTGGACAGGGACTTGAGTGGATTGGATGGATTTATCCTGGAGATGGTAGTACTAAGTACAATGAGAAATTCAGGGGCAAGGCCACACTGACTGCAGACAAATCCTCCAGCACAGCCTACATGCAGCTCAGCAGCCTGACTTCTGAGAACTCTGCAGTCTATTTCTGTGCAAGAGAGGATTACTACGGCCCAGGGGGGTTTACTTACTGGGGCCAAGGGACTCTGGTCACTGTCTCTGCA		-	-	-	-	-	-	-	-	-	-
plate45	47-SMARTindex	L118/94	501	86.5	579	Illumina	ACATCGCTCTCACTGGAGGCTGATCTCTGAAGATAAGGAGGTGTAGCCTAAAAGATGAGAGTGCTGATTCTTTTGTGGCTGTTCACAGCCTTTCCTGGTATCCTGTCTGATGTGCAGCTTCAGGAGTCGGGACCTGGCCTGGTGAAACCTTCTCAGTCTCTGTCCCTCACCTGCACTGTCACTGGCTACTCAATCACCAGTGATTATGCCTGGAACTGGATCCGGCAGTTTCCAGGAAACAAACTGGAGTGGATGGGCTACATAAGCTACAGTGGTAGCACTAGCTACAACCCATCTCTCAAAAGTCGAATCTCTATCACTCGAGACACATCCAAGAACCAGTTCTTCCTGCAGTTGAATTCTGTGACTACTGAGGACACAGCCACATATTACTGTGCAAGATCCCAGGTACGACGGGCCTGGTTTGCTTACTGGGGCCAAGGGACTCTGGTCACTGTCTCTGCA		-	-	-	-	-	-	-	-	-	-
plate45	48-SMARTindex	L118/109	53	39.6	134	Illumina	ATCCTCTTCTCATAGAGCCTCCATCAGAGCATGGCTGTCTTGGGGCTGCTCTTCTGCCTGGTGACATTCCCAAGCTGTGTCCTATCCCAGGTGCAGCTGAAGCAGTCAGGACCTGGCCTAGTGCAGCCCTCACAGAGCCTGTCCATCACCTGCACAGTCTCTGGTTTCTCATTAACTAGCTATGGTGTACACTGGTTTCGCCAGTCTCCAGGAAAGGGTCTGGAGTGGCTGGGAGTGATATGGAGTGGTGGAAGCACAGACTATAATGCAGCTTTCATATCCAGACTGAGCATCAGCAAGGACAATTCCAAGAGCCAAGTTTTCTTTAAAATGAACAGTCTGCAAGCTAATGACACAGCCATATATTACTGTGCCAGAATTAGGGGTGGTTACTATGCTATGGACTACTGGGGTCAAGGAACCTCAGTCACCGTCTCCTCA		-	-	-	-	-	-	-	-	-	-
plate45	49-SMARTindex	L118/7	845	99.2	852	Illumina	GCATATGATCAGTAACCTCTTCACAGTCACTGAAAACACTGACTCTAATCATGGAATGTAACTGGATACTTCCTTTTATTCTGTCAGTAACTTCAGGTGTCTACTCACAGGTTCAGCTCCAGCAGTCTGGGTCTGAGCTGGCAAGACCTGGGGCTTCAGTGAAGTTGTCCTGCAAGGCTTCTGGCTACACCTTTACTAGTTACTGGATGCAGTGGGTAAAACAGAGGCCTGGACAGGGTCTGGAATGGATTGGGGCTATTTATCCTGGAGATGGTGATACTAGGTACACTCAGAAGTTTAAGGACAAGGCCACATTGACTGCAGAGAAATCCTCCAGCACAGCCTACATGCAACTCAGCAGCTTGGCATCTGAGGACTCTGCGGTCTATTACTGTGTAAAGGGGGGTTACGACTATGGTATGGACTACTGGGGTCAAGGAACCTCAGTCACCGTCTCCTCA		-	-	-	-	-	-	-	-	-	-
plate45	50-SMARTindex	L118/22	658	74.5	883	Illumina	GCATATGATCAGTAACCTCTTCACAGTCACTGAAAACACTGACTCTAATCATGGAATGTAACTGGATACTTCCTTTTATTCTGTCAGTAACTTCAGGTGTCTACTCACAGGTTCAGCTCCAGCAGTCTGGGGCTGAGCTGGCAAGACCTGGGGCTTCAGTGAAGTTGTCCTGCAAGGCTTCTGGCTACACCTTTACTAACTACTGGATGCAGTGGGTAAAACAGAGGCCTGGACAGGGTCTGGAATGGATTGGGGCTATTTATCCTGGAGATGGTGATACTAGGTACACTCAGAAGTTCAAGGGCAAGGCCACATTGACTGCAGATAAATCCTCCAGCACAGCCTACATGCAACTCAGTAGCTTGGCATCTGAGGACTCTGCGGTCTATTACTGTGCAAGAACGGGATTACGACGTACGGGTTATTATGTTATGGACTACTGGGGTCAAGGAACCTCAGTCACCGTCTCCTCA		-	-	-	-	-	-	-	-	-	-
plate45	51-SMARTindex	L118/34	1834	67.3	2725	Illumina	AGCTCTGACAGAGGAGGCCAGTCCTGGATTCGATTCCCAGTTCCTCACATTCAGTGATCAGCACTGAACACGGACCCCTCACCATGAACTTGGGGCTCAGCTTGATTTTCCTTGTCCTTGTTTTAAAAGGTGTCCAGTGTGAAGTGAAGCTGGTGGAGTCTGGGGGAGGCTTAGTGCAGCCTGGAGGGTCCCTGAAACTCTCCTGTGCAACCTCTGGATTCACTTTCAGTGACTATTACATGTTTTGGGTTCGCCAGACTCCAGAGATGAGGCTGGAGTGGGTCGCATACATTAGTTTTGCTGGTGGTACCACCAATTATCCAGACACTGTAAAGGGCCGATTCACCATCTCCAGAGACAATGCCAAGAACACCCTGTACCTGCAAATGAGCCGTCTGAAGTCTGAGGACACAGCCATGTATTTCTGTGCAAGACAAGAATATGGTTACGACTATGTTATGGACTACTGGGGTCAAGGAACCTCAGTCACCGTCTCCTCA		-	-	-	-	-	-	-	-	-	-
plate45	52-SMARTindex	L118/51	9	36	25	Illumina	GCATATGATCAGTAACCTCTTCACAGTCACTGAAAACACTGACTCTAATCATGGAATGTAACTGGATACTTCCTTTTATTCTGTCAGTAACTTCAGGTGTCTACTCACAGGTTCAGTTCCAGCAGTCTGGGGCTGAGCTGGCAAGACCTGGGGCTTCAGTGAAGTTGTCCTGCAAGGCTTCTGGCTACACCTTTACTAACTACTGGATGCAGTGGGTCAAACAGAGGCCTGGACAGGGTCTGGAATGGATTGGGGCTATTTATCCTGGAGATGGTGATACTAGGTACACTCAGAAGTTCAAGGGCAAGGCCACATTGACTGCAGATAAATCCTCCAGCACAGCCTACATGCAACTCAGCAGCTTGGCATCTGAGGACTCTGCGGTCTATTTCTGTGCAAGAACGGGATTACGACGTACGGGTTACTATGTTATGGACTACTGGGGTCAAGGAACCTCAGTCACCGTCTCCTCA	L118/33	-	-	-	-	-	-	-	-	-	-
plate45	52-SMARTindex	L118/51	10	40	25	Illumina	AGCCTATGATCAGTGTCCTCTCCAAAGTCCTTGAACATAGACTCTAACCATGGAATGGACCTGGGTCTTTCTCTTCCTCCTGTCAGTAACTGCAGGTGTCCACTCCCAGGTTCAGTTGCAGCAGTCTGGAGCTGAACTGATGAAGCCTGGGGCCTCAGTGAAGATTTCCTGCAAGGCTACTGGCTACACATTCAGTACCTACTGGATAGAGTGGGTAAAGCAGAGGCCTGGACATGGCCCTGAGTGGATTGGAGAGATTTTGCCGGGAAGTGGTAGTCCTAATTACAATGAGAAGTTCAAGGGCAAGGCCACATTCACTGCAGATACATCCTCCAATACAGCCTACATGCAACTCAGCAGCCTGACATCTGAGGACTCTGCCGTCTATTACTGTGCAAGATGGGCATTACTCCAGGGGTTTCCTTACTGGGGCCAAGGGACTCTGGTCACTGTCTCTGCA		-	-	-	-	-	-	-	-	-	-
plate45	53-SMARTindex	L118/67	58	80.6	72	Illumina	AAAAAAAATACGATCAGCATCCTCTCCACAGACACTGAAAACTCTGACTCACAATGGAAAGGCACTGGATCTTTCTCTTCCTGTTTTCAGTAACTGCAGGTGTCCACTCCCAGGTCCAGCTTCAGCAGTCTGGGGCTGAACTGGCAAAACCTGGGGCCTCAGTGAAGATGTCCTGCAAGGCTTCTGGCTACACCTTTACTAGCTACTGGATGCACTGGGTAAAACAGAGGCCTGGACAGGGTCTAGAATGGATTGGATACATTAATCCTAGTACCGGTTATACTGAGTACAATCAGAAGTTCAAGGACAAGGCCACACTGACTGCAGACAAATCCTCCAGCACAGCCTACATGCAACTGAGCAGCCTGACATCTGAGGACTCTGCAGTCTATTACTGTGCGTATCTACTATCCATCTGGGGTCAAGGAACCTCAGTCACCGTCTCCTCA		-	-	-	-	-	-	-	-	-	-
plate45	54-SMARTindex	L118/79	31	64.6	48	Illumina	GCATATGATCAGTAACCTCTTCACAGTCACTGAAAACACTGACTCTAATCATGGAATGTAACTGGATACTTCCTTTTATTCTGTCAGTAACTTCAGGTGTCTACTCACAGGTTCAGTTCCAGCAGTCTGGGGCTGAGCTGGCAAGACCTGGGGCTTCAGTGAAGTTGTCCTGCAAGGCTTCTGGCTACACCTTTACTAGCTACTGGATGCAGTGGGTAAAACAGAGGCCTGGACAGGGTCTGGAATGGATTGGGGCTATTTATCCTGGAGATGGTGATACTAGGTACACTCAGAAATTCAAGGGCAAGGCCACATTGACTGCAGATAAATCCTCCAGCACAGCCTACATGCAACTCAGCAGCTTGGCATCTGAGGACTCTGCGGTCTATTACTGTGCAAGAACGGGATTACGACGTACGGGTTACTATACTATGGACTACTGGGGTCAAGGAACCTCAGTCACCGTCTCCTCA		-	-	-	-	-	-	-	-	-	-
plate45	55-SMARTindex	L118/95	868	95.7	907	Illumina	AAAACATGAGATCACAGTTCTCTCTACAGTTACTGAGCACACAGGACCTCACCATGGGATGGAGCTATATCATTTTCTTTTTGGTAGCAACAGCTACAGGTGTCCACTCCCAGGTCCAACTCCAGCAGCCTGGGGCTGAACTGGTGAAGCCTGGGGCTTCAGTGAAGTTGTCCTGCAAGGCTTCTGGCTACACCTTCACCAGCTACTGGATGCACTGGGTGAAGCTGAGGCCTGGACAAGGCTTTGAGTGGATTGGAGAGATTAATCCTAGCAATGGTGGTACTAACTACAATGAGAAGTTCAAGAGAAAGGCCACACTGACTGTAGACAAATCCTCCAGCACAGCCTACATGCAACTCAGCAGCCTGACATCTGAGGACTCTGCGGTCTATTACTGTACAAGTTGGGGTAACTACGACTACTTTGACTACTGGGGCCAAGGCACCACTCTCACAGTCTCCTCA		-	-	-	-	-	-	-	-	-	-
plate45	56-SMARTindex	L118/110	878	93.1	943	Illumina	ATCCTCTTCTCATAGAGCCTCCATCAGAGCATGGCTGTCTTGGGGCTGCTCTTCTGCCTGGTGACATTCCCAAGCTGTGTCCTATCCCAGGTGCAGCTGAAGCAGTCAGGACCTGGCCTAGTGCAGCCCTCACAGAGCCTGTCCATCACCTGCACAGTCTCTGGTTTCTCATTAACTAAGTATGGTGTACACTGGGTTCGCCAGTCTCCAGGAAAGGGTCTGGAGTGGCTGGGAGTGATATGGAGTGGTGGAGGCACAGACTATAATGCAGCTTTCGTATCCAGACTGAGCATCAGCAAGGACAATTCCAAGAGCCAAGTTTTCTTTAAATTGAACAGTCTGCAAGCTGTTGACACAGCCATATATTACTGTGCCAGAGAACTTCACTATTCTATGGACTACTGGGGTCAAGGAACCTCAGTCACCGTCTCCTCA		-	-	-	-	-	-	-	-	-	-
plate45	58-SMARTindex	L118/23	11	91.7	12	Illumina	AAAAAAAATACGATCAGCATCCTCTCCACAGACACTGAAAACTCTGACTCACAATGGAAAGGCACTGGATCTTTCTCTTCCTGTTTTCAGTAACTGCAGGTGTCCACTCCCAGGTCCAGCTTCAGCAGTCTGGGGCTGAACTGGCAAAACCTGGGGCCTCAGTGAAGATGTCCTGCAAGGCTTCTGACTACACCTTTACTAGTTACTGGATGCACTGGGTAAAACAGAGGCCTGGACAGGGTCTGGAATGGATTGGATACATTAATCCTAGTACTGGTTATACTGAGTACAATCAGAAGTTCAAGGACAAGGCCACATTGACTGCAGACAAATCCTCCAGCACAGCCTACATGCAACTGAGCAGCCTGACATCTGAGGACTCTGCAGTCTATTACTGTGCAAGAAACTACGTAGGCTACTGGGGCCAAGGCACCACTCTCACAGTCTCCTCA	L118/18	-	-	-	-	-	-	-	-	-	-
plate45	59-SMARTindex	L118/37	135	53.6	252	Illumina	ATATGAGCCCTATCTTCTCTACAGACACTGAATCTCAAGGTCCTTACAATGAAATGCAGCTGGGTTATCTTCTTCCTGATGGCAGTGGTTACAGGGGTCAATTCAGAGGTTCAGCTGCAGCAGTCTGGGGCAGAGCTTGTGAAGCCAGGGGCCTCAGTCAAGTTGTCCTGCACAGCTTCTGGCTTCAACATTAAAGACACCTATATGCACTGGGTGAAGCAGAGGCCTGAACAGGGCCTGGAGTGGATTGGAAGGATTGATCCTGCGAATGGTAATACTAAATATGACCCGAAGTTCCAGGGCAAGGCCACTATAACAGCAGACACATCCTCCAACACAGCCTACCTGCAGCTCAGCAGCCTGACATCTGAGGACACTGCCGTCTATTACTGTGCTAGATCTTCTAACTGGGGGGAGGGGTTTGCTTACTGGGGCCAAGGGACTCTGGTCACTGTCTCTGCA		-	-	-	-	-	-	-	-	-	-
plate45	59-SMARTindex	L118/37	98	38.9	252	Illumina	ATCATCTTCTCATAGAGCCTCCATCAGAGCATGGCTGTCCTGGCATTACTCTTCTGCCTGGTAACATTCCCAAGCTGTATCCTTTCCCAGGTGCAGCTGAAGGAGTCAGGACCTGGCCTGGTGGCGCCCTCACAGAGCCTGTCCATCACATGCACCGTCTCAGGGTTCTCATTAACCGGCTATGGTGTAAACTGGGTTCGCCAGCCTCCAGGAAAGGGTCTGGAGTGGCTGGGAATGATATGGGGTGATGGAAGCACAGACTATAATTCAGGTCTCAAATCCAGACTGAGCATCAGCAAGGACAACTCCAAGAGCCAAGTTTTCTTAAAAATGAACAGTCTGCAAACTGATGACACAGCCAGGTACTACTGTGCCAGAGGGAGCTCGGGCATCTATGTTATGGACTACTGGGGTCAAGGAACCTCAGTCACCGTCTCCTCA		-	-	-	-	-	-	-	-	-	-
plate45	60-SMARTindex	L118/53	296	68.4	433	Illumina	AAAACATGAGATCACAGTTCTCTCTACAGTTACTGAGCACACAGGACCTCACCATGGGATGGAGCTGTATCATCCTCTTCTTGGTAGCAACAGCTACAGGTGTCCACTCCCAGGTCCAACTGCAGCAGCCTGGGGCTGAGCTGGTGAGGCCTGGGGCTTCAGTGAAGCTGTCCTGCAAGGCTTCTGGCTACACCTTCACCAGCTACTGGATAAACTGGGTGAAGCAGAGGCCTGGACAAGGCCTTGAGTGGATCGGAAATATTTATCCTTCTGATAGTTATACTAACTACAATCAAAAGTTCAAGGACAAGGCCACATTGACTGTAGACAAATCCTCCAGCACAGCCTACATGCAGCTCAGCAGCCCGACATCTGAGGACTCTGCGGTCTATTACTGTACAAGAGAGGCTACGGTAGTAGAAGAGGCTATGGACTACTGGGGTCAAGGAACCTCAGTCACCGTCTCCTCA		-	-	-	-	-	-	-	-	-	-
plate45	61-SMARTindex	L118/68	18	51.4	35	Illumina	ATATGACCCCTGTCTTCTCCACAGTCCCTGAACACACTGACTCTAACCATGGAATGGCCTTGTATCTTTCTCTTCCTCCTGTCAGTAACTGAAGGTGTCCACTCCCAGGTTCAGCTGCAGCAGTCTGGGGCTGAGCTGGTGAGGCCTGGGTCCTCAGTGAAGATTTCCTGCAAGGCTTCTGGCTATGCATTCAGTAGCTACTGGATGAACTGGGTGAAGCAGAGGCCTGGACAGGGTCTTGAGTGGATTGGACAGATTTATCCTGGAGATGGTGATACTAACTACAATGGAAAGTTCAAGGGTAAAGCCACACTGACTGCAGACAAATCTTCCAGCACAGCCTACATGCAGCTCAGCAGCCTAACATCTGAGGACTCTGCGGTCTATTTCTGTGCCCTCTATTACTACGGCTACGTAAACTATGCTATGGACTACTGGGGTCAAGGAACCTCAGTCACCGTCTCCTCA	L118/105	-	-	-	-	-	-	-	-	-	-
plate45	62-SMARTindex	L118/81	72	86.7	83	Illumina	GCATATGATCAGTAACCTCTTCACAGTCACTGAAAACACTGACTCTAATCATGGAATGTAACTGGATACTTCCTTTTATTCTGTCAGTAACTTCAGGTGTCTACTCACAGGTTCAGCTCCAGCAGTCTGGGGCTGAGCTGGCAAGACCTGGGGCTTCAGTGAAGTTGTCCTGCAAGGCTTCTGGCTACATCTTTACTAGTTACTGGATGCAGTGGGTAAAACAGAGGCCTGGACAGGGTCTGGAATGGATTGGGGCTATTTATCCTGGAGATGGTGATACTAGGTACACTCAGAAGTTCAAGGGCAAGGCCACATTGACTGCAGAGAAATCCTCCAGCACAGCCTACATGCAACTCAGCAGCTTGGCATCTGATGATTCTGCGGTCTATTACTGTGTGAAGGGGGGTTACGACTATGGTATGGACTACTGGGGTCAAGGAACCTCAGTCACCGTCTCCTCA		-	-	-	-	-	-	-	-	-	-
plate45	64-SMARTindex	L118/111	154	63.1	244	Illumina	ATAAGATCACTGTTCTCTCTACAGTTACTGAGCACACAGGACCTCACCATGGGATGGAGCTGTATCATCCTCTTCTTGGTAGCAACAGCTACAGGTGTCCACTCCCAGGTCCAACTGCAGCAGCCTGGGGCTGAGCTGGTGAGGCCTGGGGCTTCAGTGAAGCTGTCCTGCAAGGCTTCTGGCTACACCTTCACCAGCTACTGGATGAACTGGGTGAAGCAGAGGCCTGGACAAGGCCTTGAATGGATTGGTATGATTGATCCTTCAGACAGTGAAACTCACTACAATCAAATGTTCAAGGACAAGGCCACATTGACTGTAGACAAATCCTCCAGCACAGCCTACATGCAGCTCAGCAGCCTGACATCTGAGGACTCTGCGGTCTATTACTGTGCAAGGGGAGGTAACTACCTCTACTGGTACTTCGATGTCTGGGGCGCAGGGACCACGGTCACCGTCTCCTCA		-	-	-	-	-	-	-	-	-	-
plate45	65-SMARTindex	L118/9	197	52.1	378	Illumina	AAAACATGAGATCACTGTTCTCTCTACAGTTACTGAGCACACAGGACCTCACCATGGGATGGAGTTGTATCATCCTCCTCTTGGGAGCAACAGCTACAGGTGTCCACTCCCAGGTGCAACTGCAGCAGCCTGGGGCTGAGCTGGTGAAGCCTGGGGCCTCAGTGAAGATGTCCTGCAAGGCTTCTGACTACACCTTTATCAGTTATATCATACACTGGGTAAAGCAGACACCTGGACAGGGCCTGGAATGGATAGGAGCTATTTATCCAGGAAATGGTGATACCTCCTACAATCAGAAGTTCAAAGGCAAGGCCACATTGACTTCAGACAAATCCTCCAGCACAGCCTACATGCAGCTCAGCAGCCTGACATCTGAGGACTCTGCGGTCTATTACTGTGCAAGATGGGATACGGCCTACTATACTATGGACTCCTGGGGTCAAGGAACCTCAGTCACCGTCTCCTCA		-	-	-	-	-	-	-	-	-	-
plate45	65-SMARTindex	L118/9	140	37	378	Illumina	ATATGAACACTGTTTTCTCTACAGTCACTGAATCTCAAGGTCCTTACAATGAAATGCAGCTGGGTCATCTTCTTCCTGATGGCAGTGGTTATAGGAATCAATTCAGAGGTTCAGCTGCAGCAGTCTGGGGCAGAGCTTGTGAGGTCAGGGGCCTCAGTCAAGTTGTCCTGCACAGCTTCTGGCTTCAACATTAAAGACTACTATATGCACTGGGTGAAGCAGAGGCCTGAACAGGGCCTGGAGTGGATTGGATGGATTGCTCCTGAGAATGGTGATACTGAATATGCCCCGAAGTTCCAGGGCAAGGCCACTATGACTGCAGACACATCCTCCAATACAGCCTACCTGCAGCTCAGCAGCCTGACATCTGAGGACACTGCCGTCTATTACTGTAATGTCTATGGTAACTCCGTCTATGCTATGGACTACTGGGGTCAAGGAACCTCAGTCACCGTCTCCTCA		-	-	-	-	-	-	-	-	-	-
plate45	66-SMARTindex	L118/24	110	90.2	122	Illumina	ATATGACCCCTGTCTTCTCCACAGTCCCTGAACACACTGACTCTAACCATGGAATGGCCTTGTATCTTTCTCTTCCTCCTGTCAGTAACTGAAGGTGTCCACTCCCAGGTTCAGCTGCAGCAGTCTGGGGCTGAGCTGGTGAGGCCTGGGTCCTCAGTGAAGATTTCCTGCAAGGCTTCTGGCTATGCATTCAGTAGCTACTGGATGAACTGGGTGAAGCTGAGGCCTGGACAGGGTCTTGAGTGGATTGGACAGATTTATCCTGGAGATGGTGATACTAATAACAGTGGAAAGTTCAAGGGTAAAGCCACACTAACTGCAGACAAATCCTCCAGCACAGCCTACATGCAGCTCAGCAGCCTAACATCTGAGGACTCTGCGGTCTATTTCTGTGCAAGAGAGGATTACTACGGTAGTAGTTCCTGGTTTGCTTACTGGGGCCAAGGGACTCTGGTCACTGTCTCTGCA		-	-	-	-	-	-	-	-	-	-
plate45	67-SMARTindex	L118/38	313	58.1	539	Illumina	GCATATGATCAGTAACCTCTTCACAGTCACTGAAAACACTGACTCTAATCATGGAATGTAACTGGATACTTCCTTTTATTCTGTCAGTAACTTCAGGTGTCTACTCACAGGTTCAGCTCCAGCAGTCTGGGGCTGAGCTGGCAAGACCTGGGGCTTCAGTGAAGTTGTCCTGCAAGGCTTCTGGCTACAGCTTTACTAGTTACTGGATGCAGTGGGTAAAACAGAGGCCTGGACAGGGTCTGGAATGGATTGGGGCTATTTATCCTGGAGATGGTGATACTAGGTACACTCAGAAGTTCAAGGGCAAGGCCACATTGACTGCAGAGAAATCCTCCAGCACTGCCTACATGCAACTCAGCAGCTTGGCATCTGAGGACTCTGCGGTGTATTATTGTGTAAAGGGGGGTTACGACTATGGTATGGACTACTGGGGTCAAGGAACCTCAGTCACCGTCTCCTCA		-	-	-	-	-	-	-	-	-	-
plate45	67-SMARTindex	L118/38	173	32.1	539	Illumina	ATCCTCTTCTCATAGAGCCTCCATCAGACCATGGCTGTCCTGGCACTGCTCCTCTGCCTGGTGACATTCCCAAGCTGTGTCCTGTCCCAGGTGCAGCTGAAGGAGTCAGGACCTGGCCTGGTGGCGCCCTCACAGAGCCTGTCCATCACATGCACTGTCTCAGGGTTCTCATTAACCAACTATGGTGTAAGCTGGGTTCGCCAGCCTCCAGGAAAGGGTCTGGAGTGGCTGGGAGTAATATGGGGTGACGGGAGCACAAATTATCATTCAGCTCTCATATCCAGACTGAGCATCAGTAAGGATAACTCCACGAGCCAAGTTTTCTTAAAACTGAACATTCTGCAAACTGATGACACAGCCACGTACTACTGTGCCAAACAGGGAGGGGTAGTCACGGACTACTGGGGCCAAGGCACCACTCTCACAGTCTCCTCA		-	-	-	-	-	-	-	-	-	-
plate45	70-SMARTindex	L118/82	1018	98.7	1031	Illumina	AACATATGTCCAATGTCTTCTCCACAGACACTGAACACACTGACTCTAACCATGGGATGGAGCTGGATCTTTCTCTTTCTCCTGTCAGGAACTGCAGGTGTCCTCTCTGAGGTCCATCTGCAACAGTCTGGACCTGAGCTGGTGAAGCCTGGGGCTTCAGTGAAGATATCCTGCAAGGCTTCTGGTTACTCATTCACTGGCTACTACATGCACTGGATGAAACAAAGCCATGTAAAGAGCCTTGAGTGGATTGGACGTATTAATCCTTACAATGGTGCTACTGACTACAACCAGAATTTCAAGGACAAGGCCAGCTTGACTGTAGATAAGTCCTCCAGCACAGCCTATATGGAGCTCCACAGCCTGACATCTGAGGACTCTGCAGTCTATTACTGTGCCCATGGGGGTTACTATGCTATGGACTACTGGGGTCAAGGAACCTCAGTCACCGTCTCCTCA		-	-	-	-	-	-	-	-	-	-
plate45	71-SMARTindex	L118/97	570	72	792	Illumina	AAACAGCATATGATCAGTGTCCTCTCCAAAGTCCTTGAACATAGACTCTAACCATGGAATGGACCTGGGTCTTTCTCTTCCTCCTGTCAGTAACTGCAGGTGTCCACTCCCAGGTTCAGCTGCAGCAGTCTGGAGTTGAGCTGATGAAGCCTGGGGCCTCAGTGACGATATCCTGCAAGACTACTGGCTACACATTCACTTACTACTGGATAGAGTGGATAAAGCAGAGGCCTGGACATGGCCTTGAGTGGATTGGAGAGATTTTCCCTGGAAGTGATACTACTAACTACCATGAGAAGTTCAAGGACAAGGCCACATTCACTGCAGATTCATCCTCCCACACAGCCTACATGCAACTCACCAGCCTGACATCTGAGGACTCTGCCGTCTATTACTGTGCAATATGGCGGTTGTACGTGGGGTTTGCTTACTGGGGCCAAGGGACTCTGGTCACTGTCTCTGCA		-	-	-	-	-	-	-	-	-	-
plate45	73-SMARTindex	L118/11	21	37.5	56	Illumina	ATCGCTCTCACTGGAGGCTGATCTCTGAAGATAAGGAGGTGTAGCCTAAAAGATGAGAGTGCTGATTCTTTTGTGGCTGTTCACAGCCTTTCCTGGTATCCTGTCTGATGTGCAGCTTCAGGAGTCGGGACCTGGCCTGGTGAAACCTTCTCAGTCTCTGTCCCTCACCTGCACTGTCACTGGCTACTCAATCACCAGTGATTATGCCTGGCACTGGATCCGGCAGTTTCCAGGAAACAAACTGGAGTGGATGGCCTACATAACCTACAGTGGTAGCACTAGCTACAACCCATCTCTCAAAAGTCGATTCTCTATCACTCGAGACACATCCAAGAACCAGTTCTTCCTGCAGTTGAATTCTGTGACTGCTGAGGACACAGCCACATATTACTGTGCGAGGGGTAACTACATCGGGTACTTCGATGTCTGGGGCGCAGGGACCACGGTCACCGTCTCCTCA		-	-	-	-	-	-	-	-	-	-
plate45	73-SMARTindex	L118/11	18	32.1	56	Illumina	ACACATCTCTCTCATTAGAGGTTGATCTTTGAGGAAAACAGGGTGTTGCCTAAAGGATGAAAGTGTTGAGTCTGTTGTACCTGTTGACAGCCATTCCTGGTATCCTGTCTGATGTACAGTTTCAGGAGTCAGGACCTGGCCTCGTGAAACCTTCTCAGTCTCTGTCTCTCACCTGCTCTGTCACTGGCTACTCCATCACCAGTGGTTATTACTGCAACTGGATCCGGCAGTTTCCAGGAAACAAACTGGAATGGATGGGCTACATAAGCTACGACGGTAGCAATAACTACAACCCATCTCTCAAAAATCGAATCTCCATCACTCGTGACACATCTAAGAACCAGTTTTTCCTGAAGTTGAATTCTGTGACTACTGAGGACACAGCTACATATTACTGTGCAAGAGTTGGTTATTACTACGGTAGTAGCCCTTCCTTTGACTACTGGGGCCAAGGCACCACTCTCACAGTCTCCTCA		-	-	-	-	-	-	-	-	-	-
plate45	74-SMARTindex	L118/25	467	38.9	1200	Illumina	GCATATGATCAGTAACCTCTTCACAGTCACTGAAAACACTGACTCTAATCATGGAATGTAACTGGATACTTCCTTTTATTCTGTCAGTAACTTCAGGTGTCTACTCACAGGTTCAGCTCCAGCAGTCTGGGGCTGAGCTGGCAAGACCTGGGGCCTCAGTGAAGTTGTCCTGCAAGGCTTCTGGCTACACCTTTACAAGGTACTGGATGCAGTGGGTAAAACAGAGGCCTGGACAGGGTCTGGAATGGATTGGGGCTATTTATCCTGGAGATGGTGATACTAGGTACACTCAGAAGTTCAAGGGCAAGGCCACATTGACTGCAGATAAATCCTCCAGCACAGCCTACATGCAACTCAGCAGCTTGGCATCTGAGGACTCTGCGGTCTATTACTGTGCAAGAGAGGGGGATGATAACTACGGAGATTTTACTTACTGGGGCCAAGGGACTCTGGTCACTGTCTCTGCA		-	-	-	-	-	-	-	-	-	-
plate45	75-SMARTindex	L118/39	301	93.8	321	Illumina	GAAGCAAAGGGGATCAGCCCGAGATTCTCATTCAGTGATCAACACTGAACACACATCCCTTACCATGGATTTTGGGCTGATTTTTTTTATTGTTGCTCTTTTGAAAGGGGTCCAGTGTGAGGTGAAGCTTCTCGAGTCTGGAGGTGGCCTGGTGCAGCCTGGAGGATCCCTGAAACTCTCCTGTGCAGCCTCAGGATTCGATTTTAGTAGATACTGGATGCATTGGGTCCGGCAGGCTCCAGGGAAAGGGCTAGAATGGATTGGAGATGTTAATCCAGATAGCAGTACGATAAACTATTCGCCATCTCTAAAGGAAAAATTCATCATCTCCAGAGACAACGCCAAAAATACGCTGTACCTGCAAATGAGCAAAGTGAGATCTGAGGACTCAGCCCTTTATTACTGTGCAAGACGGGCCTACGGGGCTATGGACTACTGGGGTCAAGGAACCTCAGTCACCGTCTCCTCA		-	-	-	-	-	-	-	-	-	-
plate45	76-SMARTindex	L118/55	476	95	501	Illumina	ATCCTCTTCTCATAGAGCCTCCATCAGAGCATGGCTGTCTTGGGGCTGCTCTTCTGCCTGGTGACATTCCCAAGCTGTGTCCTATCCCAGGTGCAGCTGAAGCAGTCAGGACCTGGCCTAGTGCCGCCCTCACAGAGCCTGTCCATCACCTGCACAGTCTCTAGTTTCTCATTAAGTAGCTATGGTGTACACTGGGTTCGCCAGTCTCCAGGAAAGGGTCTGGAGTGGCTGGGAGTGATATGGAGTGGTGGAATCACAGACTATAATGCAGCTTTCATATCCAGACTGAGCATCAACAAGGACAATTCCAAGGGCCAAGTTTTCTTTGAAATGAACAGTCTGCAAGCTAATGACTCAGCCATTTATTACTGTACCAGAAATGATGGTTACTACGGATTTACTTACTGGGGCCAAGGGACTCTGGTCACTGTCTCTGCA		-	-	-	-	-	-	-	-	-	-
plate45	78-SMARTindex	L118/84	382	84.7	451	Illumina	ACATCTCTCTCATTAGAGGTTGATCTTTGAGGAAAACAGGGTGTTGCCTAAAGGATGAAAGTGTTGAGTCTGTTGTACCTGTTGACAGCCATTCCTGGTATCCTGTCTGATGTACAACTTCAGGAGTCAGGACCTGGCCTCGTGAAACCTTCTCAGTCTCTGTCTCTCACCTGCTCTGTCACTGGCTACTCCATCACCAGTGGTTTTTACTGGAACTGGATCCGGCAGTTTCCAGGAAACAAACTGGAGTGGATGGGCTACATAAGCTACGACGGTACCAATAACTACAACCCATCTCTCAAAAATCGAATCTCCATCACTCGTGACACATCTAAGAACCAGTTTTTCCTGAAGTTGAATTCTGTGACTACTGAGGACACAGCTACATATTACTGTGCAAGAGAAGGCTCCTACTATAGGTACGCGCGGGCTATGGACTACTGGGGTCAAGGAACCTCAGTCACCGTCTCCTCA		-	-	-	-	-	-	-	-	-	-
plate45	79-SMARTindex	L118/98	1100	67	1641	Illumina	GCATATGATCAGTAACCTCTTCACAGTCACTGAAAACACTGACTCTAATCATGGAATGTAACTGGATACTTCCTTTTATTCTGTCAGTAACTTCAGGTGTCTACTCACAGGTTCAGCTCCAGCAGTCTGGGGCTGAGCTGGCGAGACCTGGGGCTTCAGTGAAGTTGTCCTGCAAGGCTTCTGGCTACACCTTTACTAGATACTGGATGCAGTGGTTAAAACAGAGGCCTGGACAGGGTCTGGAATGGATTGGGGCTATTTATCCTGGAGATGGTGATACTAGGTACACTCAGAATTTCAAGGGCAAGGCCACATTGACTGCAGATACATCCTCCAGCACAGCCTACATGCAACTCAGCAGCTTGGCATCTGAGGACTCTGCGGTCTATTACTGTGCAAGATTGCGGTATGATTGGTACTTCGATGTCTGGGGCGCAGGGACCACGGTCACCGTCTCCTCA		-	-	-	-	-	-	-	-	-	-
plate45	79-SMARTindex	L118/98	507	30.9	1641	Illumina	AGCTCTGACAGAGGAGGCCGGTCCTGGATTCGAGTTCCTCACATTCAGTGATGAGCACTGAACACGGACCCCTCACCATGAACTTCGGGCTCAGCTTGATTTTCCTTGTCCTTGTTTTAAAAGGTGTCCAGTGTGAAGTGCAGCTGGTGGAGTCTGGGGGAGGCTTAGTGAAGCCTGGAGGGTCCCTGAAACTCTCCTGTGCAGCCTCTGGATTCACTTTCAGTGACTATTACATGTATTGGGTTCGCCAGACTCCGGAAAAGAGGCTGGAGTGGGTCGCAACCATTAGTGATGGTGGTGGTTACACCTACTATCCAGACAGTGTGAAGGGGCGATTCACCATCTCCAGAGACAATGCCAAAAACAACCTGTACCTGCAAATGAGCAGTCTGAAGTCTGATGACACAGCCATGTATTACTGTGCAAGAGGGGGAGGCATTACTACGGCTACGGACTACTTCGATGTCTGGGGCGCAGGGACCACGGTCACCGTCTCCTCA		-	-	-	-	-	-	-	-	-	-
plate45	81-SMARTindex	L118/12	89	98.9	90	Illumina	TCTGACAGAGGAGCACAGCCCAGGATTCCCAGGTCCTCCCATTCAGTGACCCGCACTCAGTACAGACCAGTCATCATGGACTTCAGGCTCAGCTTACTTATTTTTGTCCTTATTTTAAAAGGTGTCCAGTGTGAGGTGAAGATGGTGGAGTCTGGGGGAGGCTTAGTGCAGCCTGGAGGGTCCCGGAAACTCTCCTGTGCAGCCTCTGGATTCACTTTCAGTGACTACGGAATGGCGTGGGTTCGACAGGCTCCAGGGAAGGGGCCTGAGTGGGTAGCATTCATTAGTAATTTGGCAAGAAGTATCTACTATGCAGACACTGTGACGGGCCGATTCACCATCTCTAGAGACAATGCCAAGAACACCCTGTACCTGGAAATGAGCAGTCTGAGGTCTGAGGACACAGCCATGTACTACTGTGCAAGGGACGGTAACTTTACATACTGGGGCCAAGGGACTCTGGTCACTGTCTCTGCA		-	-	-	-	-	-	-	-	-	-
plate45	83-SMARTindex	L118/41	627	99.1	633	Illumina	GCATATGATCAGTAACCTCTTCACAGTCACTGAAAACACTGACTCTAATCATGGAATGTAACTGGATACTTCCTTTTATTCTGTCAGTAACTTCAGGTGTCTACTCACAGGTTCAGCTCCAGCAGTCTGGGGCTGAGCTGGCAAGACCTGGGGCTTCAGTGAAGTTGTCCTGCAAGGCTTCTGGCTACACCTTTACTAACTACTGGATGCAGTGGGTAAAACAGAGGCCTGGACAGGGTCTGGAATGGATTGGGGCTATTTATCCTGGAGATGGTGATACTAGGTACACTCAGAAGTTCAAGGGCAAGGCCACATTGACTGCAGATAAATCCTCCAGCACAGCCTACATGCAACTCAGCAGCTTGGCATCTGAGGACTCTGCGGTCTATTACTGTGCAAGAACGGGATTACGACGTACGGGTTATTATGTTATGGACTACTGGGGTCAAGGAACCTCAGTCACCGTCTCCTCA	L118/31	-	-	-	-	-	-	-	-	-	-
plate45	84-SMARTindex	L118/56	63	56.8	111	Illumina	AATCTATGATCACTGTCCTATCCACAGTCCCTGAAGATACTGACTCTAACCATGGGATGGAGCTGGATCTTTCTCTTTCTCCTGTCAGTAACTGCAGGTGTGTTCTCTGAGGTTCAGCTTCAGCAGTCTGGACCTGAGCTGGTGAAGCCTGGGGCTTCAGTGAAGATATCCTGCAAGGCTTCTGGTTACTCATTTACTGGCTACTTTATGAACTGGGTGATGCAGAGCCATGGAAAGAGCCTTGAGTGGATTGGACGTATTAATCCTTACAATGGTGATACTTTCTACAACCAGAAGTTCAAGGACAAGGCCACATTGACTGTAGACAAGTCCTCTAGCACAGCCCACATGGAGCTCCGGAGCCTGGCATCTGAGGACTCTGCAGTCTATTTTTGTGCAAGACGGGGGGCTATGGGGGATGGTTACTCTTTTGCTTACTGGGGCCAAGGGACTCTGGTCACTGTCTCTGCA		-	-	-	-	-	-	-	-	-	-
plate45	85-SMARTindex	L118/70	105	93.8	112	Illumina	ATATGAACACTGTTTTCTCTACAGTCACTGAATCTCAAGGTCCTTACAATGAAATGCAGCTGGGTCATCTTCTTCCTGATGGCAGTGGTTATAGGAATCAATTCAGAGGTTCAGCTGCAGCAGTCTGGGGCAGATCTTGTGAGGTCAGGGGCCTCAGTCAAGTTGTCCTGCACACCTTCTGGCTTCAACATTAAAGACTTCTATATACACTGGGTGAAGCAGAGGCCTGAACAGGGCCTGGAGTGGATTGGATGGATTGATCCTGAAAATGGTGATACTGAATATGCCCCGAAGTTCCAGGGCAAGGCCACTATGACTGCTGACACATCCTCCAACACAGCCTACTTGCATCTCAGCAGCCTGACATCTGAGGACACTGCCGTCTATTACTGTAATGCACGAGGTACCTCTGACTACTGGGGCCAAGGCACCACTCTCACAGTCTCCTCA		-	-	-	-	-	-	-	-	-	-
plate45	86-SMARTindex	L118/86	398	96.1	414	Illumina	AGCTCTGACAGAGGAGGCCGGTCCTGGATTCGATTCCCAGTTCCTCACATTCAGTCAGCACTGAACACAGACACCTCACCATGAACTTCGGGCTCAGCTTGATTTTCCTTGTCCTTATTTTAAAAGGTGTCCAGTGTGAAGTGCAGCTGGTGGAGTCTGGGGGAGGCTTAGTGAAGCCTGGAGGGTCCCTGAAACTCTCCTGTGCAGCCTCTGGATTCACTTTCAGTAGCTATGCCATGTCTTGGGTTCGCCAGTCTCCAGAGAAGAGGCTGGAGTGGGTCGCAGAGATTAGTAGTGGTGGTAGTTACACCTACTATCCAGCCACTGTGACGGGCCGATTCACCATCTCCAGAGACAATGCCAAGAACACCCTGTACCTGGAAATGAGCAGTCTGAGGTCTGAGGACACGGCCATGTATTACTGTGCAAGGGATAGTATGATTACGACGGGAGCCTGGTTTGCTTACTGGGGCCAAGGGACTCTGGTCACTGTCTCTGCA		-	-	-	-	-	-	-	-	-	-
plate45	87-SMARTindex	L118/99	10	52.6	19	Illumina	AGGCAGAGAACTTTAGCCCTGTCTTCCTTTTTGTGTTCAGCACTGACATTATAACATTGAACATGCTGTTGGGGCTGAAGTGGGTTTTCTTTGTTGTTTTTTATCAAGGTGTGCATTGTGAGGTGCAGCTTGTTGAGACTGGTGGAGGATTGGTGCAGCCTAAAGGGTCATTGAAACTCTCATGTGCAGCCTCTGGATTCACCTTCAATACCAATGCCATGAACTGGGTCCGCCAGGCTCCAGGAAAGGGTTTTGAATGGGTTGCTCGCATAAGAATTAAAAGTAATAATTATGCAACATATTATGCCGATTCAGTGAAAGACAGGTTCACCATCTCCAGAGATGATTCACAAAGCATGCTCTATCTGCAAATGAACAACTTGAAAACTGAGGACACAGCCATGTATTACTGTGTGAGAGGTGATTACGACGAGGACTTTGACTTCTGGGGCCAAGGCACCACTCTCACAGTCTCCTCA		-	-	-	-	-	-	-	-	-	-
plate45	90-SMARTindex	L118/27	83	40.9	203	Illumina	ACAGTCACTGAAAACACTGACTCTAATCATGGAATGTAACTGGATACTTCCTTTTATTCTGTCAGTAACTTCAGGTGTCTACTCACAGGTTCAGCTCCAGCAGTCTGGGGCTGAGCTGGCAAGACCTGGGGCTTCAGTGAAGTTGTCCTGCAAGGCTTCTGGCGACACCTTTACTAGCTACTGGATGCAGTGGGTAAAACAGAGGCCTGGACAGGGTCTGGAATGGATTGGGGCTATTTATCCTGGAGATGGTGATACTAGGTACACTCAGAAGTTCAAGGGCAAGGCCACATTGACTGCAGATAAATCCTCCAGCACAGCCTATATGCAACTCAGCAGCTTGGCATCTGAGGACTCTGCGGTCTATTACTGTGCAAGAACGGGATTACGACGTACGGGTTTCTATGTTATGGACTACTGGGGTCAAGGAACCTCAGTCACCGTCTCCTCA		-	-	-	-	-	-	-	-	-	-
plate45	90-SMARTindex	L118/27	100	49.3	203	Illumina	AGCTCTGACAGAGGAGGCCAGTCCTGGAATTGATTCCCAGTTCCTCACGTTCAGTGATGAGCACTGAACACAGACACCTCACCATGAACTTTGGGCTCAGATTGATTTTCCTTGTCCTTACTTTAAAAGGTGTGAAGTGTGAAGTGCAGCTGGTGGAGTCTGGGGGAGGCTTAGTGAAGCCTGGAGGGTCCCTGAAACTCTCCTGTGCAGCCTCTGGATTCGCTTTCAGTAGCTATGACATGTCTTGGGTTCGCCAGACTCCGGAGAAGAGGCTGGAGTGGGTCGCATACATTAGTAGTGGTGGTGGTAGCACCTACTATCCAGACACTGTGAAGGGCCGATTCACCATCTCCAGAGACAATGCCAAGAACACCCTGTACCTGCAAATGAGCAGTCTGAAGTCTGAGGACACAGCCATGTATTACTGTGCAAGACAGAGGGGTGCCTACTACGGCTACGACTGGTACTTCGATGTCTGGGGCGCAGGGACCACGGTCACCGTCTCCTCA		-	-	-	-	-	-	-	-	-	-
plate45	91-SMARTindex	L118/43	85	81.7	104	Illumina	ACATCGCTCTCACTGGAGGCTGATCTCTGAAGATAAGGAGGTGTGGCCTAAAAGATGAGAGTGCTGATTCTTTTGTGGCTGTTCACAGCCTTTCCTGGTATCCTGTCTGATGTGCAGCTTCAGGAGTCGGGACCTGGCCTGGTGAAACCTTCTCAGTCTCTGTCCCTCACCTGCACTGTCACTGGCTACTCAATCACCAGTGATTATGCCTGGAACTGGATCCGGCAGTTTCCAGGAAACAAACTGGAGTGGATGGGCTCCATAAGCTACAGTGGTAGCACTACCTACAACCCATCTCTCAAAAGTCGAATCTCTATCACTCGAGACACATCCAAGAACCAGTTCTTCCTGCAGTTGAGTTCTGTGACTACTGAGGTCGCAGCCACATATTACTGTGCAAGATCTCGGTACTTCGATGTCTGGGGCGCAGGGACCACGGTCACCGTCTCCTCA		-	-	-	-	-	-	-	-	-	-
plate45	92-SMARTindex	L118/57	237	54.5	435	Illumina	GCATATGATCAGTAACCTCTTCACAGTCACTGAAAACACTGACTCTAATCATGGAATGTAACTGGATACTTCCTTTTATTCTGTCAGTAACTTCAGGTGTCTACTCACAGGTTCAGCTCCAGCAGTCTGGGGCTGAGCTGGCAAGACCTGGGGCTTCAGTGAACTTGTCCTGCAAGGCTTCTGGCTACACCTTTACTAGCTACTGGATGCAGTGGGTAAAACAGAGGCCTGGACAGGATCTGGAATGGATTGGGGCTATTTATCCTGGAGATGGTGATACTAGGTACACTCAGAAGTTCAAGGGCAAGGCCGCTTTGACTGCAGATAAATCCTCCAGCACAGCCTACATGCAACTCAGCAGCTTGGCATCTGAGGACTCTGCGGTCTATTACTGTGCAAGAACGGGATTACGACGTACGGGTTTCTATGTTATGGACTACTGGGGTCAAGGAACCTCAGTCACCGTCTCCTCA		-	-	-	-	-	-	-	-	-	-
plate45	94-SMARTindex	L118/88	552	78.5	703	Illumina	AACATATGTCCAATGTCCTCTCCACAGGCACTGAACACACTGACTCTAACCATGGGATGGAGCTGGATCTTTCTCTTCTTCCTGTCAGGAACTGCAGGTGTCCTCTCTGAGGTCCTGCTGCAACAGTCTGGACCTGAGCTGGTGAAGCCTGGGGCTTCAGTGAAGATACCCTGCAAGGCTTCTGGATACACATTCACTGACTACAACATGGACTGGGTGAAGCAGAGCCATGGAAAGAGCCTTGAGTGGATTGGAGATATTAATCCTAACAATGGTGGTACTATCTACAACCAGAAGTTCAAGGGCAAGGCCACATTGACTGTAGACAAGTCCTCCAGCACAGCCTACATGGAGCTCCGCAGCCTGACATCTGAGGACACTGCAGTCTATTACTGTGCAAGATCTATTATTGGTTACGACGGATGGTTTGCTTACTGGGGCCAAGGGACTCTGGTCACTGTCTCTGCA		-	-	-	-	-	-	-	-	-	-
plate45	95-SMARTindex	L118/100	437	76.5	571	Illumina	ATATGAACACTGTTTTCTCTACAGTCACTGAATCTCAAGGTCCTTACAATGAAATGCAGCTGGGTCATCTTCTTCCTGATGGCAGTGGTTATAGGAATCAATTCAGAGGTTCAACTGCAGCAGTCTGGGGCAGAGCTTGTGAGGTCAGGGGCCTCAGTCAAGTTGTCCTGCACAGCTTCTGGCTTCAACATTAAAGACTACTATATGTACTGGGTGAAGCAGAGGCCTGAACAGGGCCTGGAGTGGATTGGATGGATTGATCCTGAGAATGGTGATACTGAATATGCCCCGAAGTTCCAGGGCAAGGCCACTATGACTGCAGACACATCCTCCAACACAGCCTACCTGCAGCTCAGCAGCCTGACATCTGAGGACACTGCCGTCTATTACTGTAATGCCCTAGGATTACGACTTCATGCTATGGACTACTGGGGTCAAGGAACTTCAGTCACCGTCTCCTCA		-	-	-	-	-	-	-	-	-	-
