plate	SMARTindex	MabID	ASVcount	PctSupport	TotalReads	Sequencing	LightChain	DuplicatedIn	chain_type	e-value	score	seqstart_index	seqend_index	scheme	frame	AA	numbering	domain
plate45	01-SMARTindex	positivecontrol1_N222/6.2.9	4635	80	5794	Illumina	GAAATACATCAGATCAGCATGGGCATCAAGATGGAGTCACAGACTCAGGTCTTTGTATACATGTTGCTGTGGTTGTCTGGTGTTGATGGAGACATTGTGATGACCCAGTCTCAAAAATTCATGTCCACATCAGTAGGAGACAGGGTCAGCGTCACCTGCAAGGCCAGTCAGAATGTGGGTAGTAATGTAGCCTGGTATCAACAGAAACCAGGGCACTCTCCTAAAGAACTGATTTACTTGGCATCCTACCGATACAGTGGAGTCCCTGATCGCTTCACAGGCAGTGGATCTGGGACAGATTTCACTCTCACCATCAGCAATGTGCAGTCTGAAGACTTGGCAGAGTATTTCTGTCAGCAATATAAGAGCTATCCGTACACGTTCGGAGGGGGGACCAAGCTGGAAATAAAACGGGCT		-	-	-	-	-	-	-	-	-	-
plate45	02-SMARTindex	L118/15	39	54.2	72	Illumina	GAAATACATCAGATCAGCATGGGCATCAAGATGGAGTCACAGACTCAGGTCTTTGTATACATGTTGCTGTGGTTGTCTGGTGTTGATGGAGACATTGTGATGACCCAGTCTCAAAAATTCATGTCCACATCAGTAGGAGACAGGGTCAGCGTCACCTGCAAGGCCAGTCAGAATGTGGGTACTAATGTAGCCTGGTATCAACAGAAACCAGGGCAATCTCCTAAAGCACTGATTTACTCGGCATCCTACCGGTACAGTGGAGTCCCTGATCGCTTCACAGGCAGTGGATCTGGGACAGATTTCACTCTCACCATCAGCAATGTGCAGTCTGAAGACTTGGCAGAGTATTTCTGTCAGCAATATAACAACTATCCATTCACGTTCGGCTCGGGGACAAAGTTGGAAATAAAACGGGCT		-	-	-	-	-	-	-	-	-	-
plate45	03-SMARTindex	L118/28	967	89.1	1085	Illumina	ACATCTGAAAGGCAGGTGGAGCAAGATGGAATCACAGACTCAGGTCCTCATGTCCCTGCTGTTCTGGGTATCTGGTACCTGTGGGGACATTGTGATGACACAGTCTCCATCCTCCCTGACTGTGACAGCAGGAGAGAAGGTCACTTTGAACTGCAAGTCCAGTCAGAGTCTGTTAAGCAGTGGAAATCAAAAGAACTACTTGACCTGGTACCAGCAGAAACCAGGGCAGCCTCCTAAACTGTTGATCTTCTGGGCATCCACTAGGGAATCTGGGGTCCCTGATCGCTTCACAGGCAGTGGATCTGGAACAGATTTCACTCTCACCATCAGCAGTGTGCAGGCTGAAGACCTGGCAATTTATCACTGTCAGAATGATTATAGTTATCCTCTCACGTTCGGCGCTGGGACCAAGCTGGAGCTGAAACGGGCT		-	-	-	-	-	-	-	-	-	-
plate45	04-SMARTindex	L118/44	2605	64.4	4045	Illumina	GAAATGCATCGCACCAGCATGGGCATCAAGATGGAGTCACAGATTCAGGCATTTGTATTCGTGTTTCTCTGGTTGTCTGGTGTTGACGGAGACATTGTGATGACCCAGTCTCACAAATTCATGTCCACATCAGTAGGAGACAGGGTCAGCATCACCTGCAAGGCCAGTCAGGATGTGAGTACTGCTGTAGCCTGGTATCAACAAAAACCAGGGCAATCTCCTAAACTACTGATTTACTGGGCATCCACCCGGCACACTGGAGTCCCTGATCGCTTCACAGGCAGTGGATCTGGGACAGATTATACTCTCACCATCACCAGTGTGCAGGCTGAAGACCTGGCACTTTATTACTGTCAGCAACATTATAGCACTCCGTACACGTTCGGAGGGGGGACCAAGCTGGAAATAAAACGGGCT		-	-	-	-	-	-	-	-	-	-
plate45	05-SMARTindex	L118/59	715	49.2	1453	Illumina	ATTGTCTTTACAATCAGGACTCAGCATGGACATGATGGTCCTTGCTCAGTTTCTTGCATTCTTGTTGCTCTGGTTTCCAGGTGCAAGATGTGACATCCTGATGACCCAATCTCCATCCTCCATGTCTGTATCTCTGGGAGACACAGTCAGCATCACTTGCCATGCAAGTCAGGGCATTAGCAGTAATATAGGGTGGTTGCAGCAGAAACCAGGGAAATCATTTAAGGGCCTGATCTATCATGGAACCAACTTGGAAGATGGAGTTCCATCAAGGTTCAGTGGCAGTGGATCTGGAGTAGATTATTCTCTCACCATCAGCAGCCTGGAATCTGAAGATTTTGCAGACTATTACTGTGTACAGTATGCTCAGTTTCCGTACACGTTCGGAGGGGGGACCAAGCTGGAAATAAAACGGGCT		-	-	-	-	-	-	-	-	-	-
plate45	06-SMARTindex	L118/72	235	43.6	539	Illumina	AGCCTCACACAGAACACACACAGATATGGGTGTACCCACTCAGCTCCTGTTGCTGTGGCTTACAGTCGTAGTTGTCAGATGTGACATCCAGATGACTCAGTCTCCAGCTTCACTGTCTGCATCTGTGGGAGAAACTGTCACCATCACATGTGGAGCAAGTGAGAATATTTACGGTGCTTTAAATTGGTATCAGCGGAAACAGGGAAAATCTCCTCAGCTCCTGATCTATGGTGCAACCAACTTGGCAGATGGCATGTCATCGAGGTTCAGTGGCAGTGGATCTGGTAGACAGTATTCTCTCAAGATCAGTAGCCTGCATCCTGACGATGTTGCAACGTATTACTGTCAAAATGTGTTAAGTACTCCTCCGACGTTCGGTGGAGGCACCAAGCTGGAAATCAAACGGGCT		-	-	-	-	-	-	-	-	-	-
plate45	07-SMARTindex	L118/89	1420	40.3	3523	Illumina	AATTAGCTAGGGACCAAAATTCAAAGACAAAATGGATTTTCAAGTGCAGATTTTCAGCTTCCTGCTAATCAGTGCCTCAGTCATAATATCCAGAGGACAAATTGTTCTCACCCAGTCTCCAGCAATCATGTCTGCATCTCCAGGGGAGAAGGTCACCATGACCTGCAGTGCCAGCTCAAGTGTAAATTACATGCACTGGTACCAGCAGAAGTCAGGCACCTCCCCCAAAAGATGGATTTATGACACATCCAAACTGGCTTCTGGAGTCCCTGCTCGCTTCAGTGGCAGTGGGTCTGGGACCTCTTACTCTCTCACAATCAGCAGCATGGAGGCTGAAGATGCTGCCACTTATTTCTGCCAGCAGTGGAGTAGTAACCCACTCACGTTCGGTGCTGGGACCAAGCTGGAGCTGAAACGGGCT	L118/18	-	-	-	-	-	-	-	-	-	-
plate45	07-SMARTindex	L118/89	1083	30.7	3523	Illumina	ACTGATCAGTCTCCTCAGGCTGTCTCCTCAGGTTGCCTCCTCAAAATGAAGTTGCCTGTTAGGCTGTTGGTGCTGATGTTCTGGATTCCTGTTTCCAGCAGTGATGTTTTGATGACCCAAACTCCACTCTCCCTGCCTGTCAGTCTTGGAGATCAAGCCTCCATCTCTTGCAGATCTAGTCAGAGCATTGTACATAGTAATGGAAACACCTATTTAGAATGGTACCTGCAGAAACCAGGCCAGTCTCCAAAGCTCCTGATCTACAAAGTTTCCAACCGATTTTCTGGGGTCCCAGACAGGTTCAGTGGCAGTGGATCAGGGACAGATTTCACACTCAAGATCAGCAGAGTGGAGGCTGAGGATCTGGGAGTTTATTACTGCTTTCAAGGTTCACATGTTCCGTGGACGTTCGGTGGAGGCACCAAGCTGGAAATCAAACGGGCT		-	-	-	-	-	-	-	-	-	-
plate45	08-SMARTindex	L118/102	1718	68.2	2520	Illumina	AGACAGGCAGGGGAAGCAAGATGGATTCACAGGCCCAGGTTCTTATGTTACTGCTGCTATGGGTATCTGGTACCTGTGGGGACATTGTGATGTCACAGTCTCCATCCTCCCTAGCTGTGTCAGTTGGAGAGAAGGTTACTATGAGCTGCAAGTCCAGTCAGAGCCTTTTATATAGTAGCAATCAAAAGAACTACTTGGCCTGGTACCAGCAGAAACCAGGGCAGTCTCCTAAACTGCTGATTTACTGGGCATCCACTAGGGAATCTGGGGTCCCTGATCGCTTCACAGGCAGTGGATCTGGGACAGATTTCACTCTCACCATCAGCAGTGTGAAGGCTGAAGACCTGGCAGTTTATTACTGTCAGCAATATTATAACTATCCGTGGACGTTCGGTGGAGGCACCAACCTGGAAATCAAACGGGCT		-	-	-	-	-	-	-	-	-	-
plate45	09-SMARTindex	L118/2	179	72.8	246	Illumina	ACATCTGAAAGGCAGGTGGAGCAAGATGGAATCACAGACTCAGGTCCTCATGTCCCTGCTGTTCTGGGTATCTGGTACCTGTGGGGACATTGTGATGACACAGTCTCCATCCTCCCTGACTGTGACAGCAGGAGAGAAGGTCACTCTGACCTGCAAGTCCAGTCAGAGTCTGTTAAGCAGTGGAAATCAAAAGAACTACTTGACCTGGTACCAGCAGAAACCAGGGCAGCCTCCTAAACTGTTGATCTACTGGGCATCCACTAGGGAATCTGGGGTCCCTGATCGCTTCACAGGCAGTGGATCTGGAACAGATTTCACTCTCACCATCAGCAGTGTGCAGGCTGAAGACCTGGCAGTTTATTACTGTCAGAATGATTATAGTTATCCTCTCACGTTCGGTGCTGGGACCAAGCTGGAGCTGAAACGGGCT		-	-	-	-	-	-	-	-	-	-
plate45	10-SMARTindex	L118/17	564	35.1	1608	Illumina	AATTATCTAGGGACCAAAATTCAAAGACAAAATGGATTTTCAAGTGCAGATTTTCAGCTTCCTGCTAATCAGTGCCTCAGTCATAATGTCCAGGGGACAAATTGTTCTCACCCAGTCTCCAGCAATCCTGTCTGCATCTCCAGGGGAGAAGGTCACCATGACCTGCAGTGCCAGCTCAAGTGTAAGTTACATGTACAGGTACCAGCAGAAGCCAGGATCCTCACCCAAACCCTGGATTTATGGCACATCCAACCTGGCTTCTGGAGTCCCTGCTCGCTTCAGTGGCAGTGGATCTGGGACCTCTTATTCTCTCACAATCAGCAGCATGGAGGCTGAAGATGCTGCCACTTATTACTGCCAGCAATATCATAGTTACCCACCCACGTTCGGAGGGGGGACCAAGCTGGAAATAAAACGGGCT		-	-	-	-	-	-	-	-	-	-
plate45	10-SMARTindex	L118/17	430	26.7	1608	Illumina	ACTGATCACTCTCCTATGTTTATTTCCTCAAAATGATGAGTCCTGCCCAGTTCCTGTTTCTGTTAGTGCTCTGGATTCAGGAAACCAACGGTGATGTTGTGATGACCCAGAGTCCACTCACTTTGTCGGTTACCATTGGACAACCAGCCTCTATCTCTTGCAAGTCAAGTCAGAGCCTCTTATATAGTAATGGAAAAACCTATTTGAATTGGTTATTACAGAGGCCAGGCCAGTCTCCAAAGCGCCTAATCTATCTGGTGTCTAAACTGGACTCTGGAGTCCCTGACAGGTTCACTGGCAGTGGATCAGGAACAGATTTTACACTGAAAATCAGCAGAGTGGAGGCTGAGGATTTGGGAGTTTATTACTGCGTGCAAGGTACACATTTTCCGGTCACGTTCGGTGCAGGGACCAAGCTGGAGCTGAAACGGGCT	L118/70	-	-	-	-	-	-	-	-	-	-
plate45	11-SMARTindex	L118/29	1922	63.9	3006	Illumina	ACTTTTGACTCACCATATCAAGTTCGCAGAATGAGGTTCTCTGCTCAGCTTCTGGGGCTGCTTGTGCTCTGGATCCCTGGATCCACTGCAGATATTTTGATGACGCAGGCTGCATTCTCCAATCCAGTCACTCTTGGAACATCAGCTTCCATCTCCTGCAGGTCTAGTAAGAGTCTCCTACATAGTAATGGCATCACTTATTTGTATTGGTATCTGCAGAAGCCAGGCCAGTCTCCTCAGCTCCTGATTTATCAGATGTCCAACCTTGCCTCAGGAGTCCCAGACAGGTTCAGTAGCAGTGGGTCAGGAACTGGTTTCACACTGAGAATCAGCAGAGTGGAGGCTGAGGATGTGGGTGTTTATTACTGTGCTCAAAATCTAGAACTTCCGTGGACGTTCGGTGGAGGCACCAAACTGGAAATCAGACGGGCT		-	-	-	-	-	-	-	-	-	-
plate45	12-SMARTindex	L118/46	2500	67.8	3688	Illumina	AGAATCACACTGATCACACACAGTCATGAGTGTGCTCACTCAGGTCCTGGCGTTGCTGCTGCTGTGGCTTACAGGTGCCAGATGTGACATCCAGATGACTCAGTCTCCAGCCTCCCTATCTGCATCTGTGGGAGAAACTGTCACCATCACATGTCGAGCAAGTGGGAATATTCACAATTATTTAGCATGGTATCAGCAGAAACAGGGAAAATCTCCTCAGCTCCTGGTCTATAATGCAAAAACCTTAGCAGATGGTGTGCCATCAAGGTTCAGTGGCAGTGGATCAGGAACACAATATTCTCTCAAGATCAACAGCCTGCAGCCTGAAGATTTTGGGAGTTATTACTGTCAACATTTTTGGAGTACTCCATTCACGTTCGGCTCGGGGACAAAGTTGGAAATAAAACGGGCT		-	-	-	-	-	-	-	-	-	-
plate45	13-SMARTindex	L118/60	480	32.1	1495	Illumina	AGACAGGCAGGGGAAGCAAGATGGATTCACAGGCCCAGGTTCTTATGTTACTGCTGCTATGGGTATCTGGTACCTGTGGGGACATTGTGATGTCACAGTCTCCATCCTCCCTAGCTGTGTCAGTTGGAGAGAAGGTTACTATGAGCTGCAAGTCCAGTCAGAGCCTTTTATATAGTAGCAATCAAAAGAACTACTTGGCCTGGTACCAGCAGAAACCAGGGCAGTCTCCTAAACTGCTGATTTACTGGGCATCCACTAGGGAATCTGGGGTCCCTGATCGCTTCACAGGCAGTGGATCTGGGACAGATTTCACTCTCACCATCAGCAGTGTGAAGGCTGAAGACCTGGCAGTTTATTACTGTCAGCAATATTATAGCTATCCGTGGACGTTCGGTGGAGGCACCAAGCTGGAAATCAAACGGGCT		-	-	-	-	-	-	-	-	-	-
plate45	14-SMARTindex	L118/73	3852	92.8	4153	Illumina	AATTAGCTAGGGACCAAAATTCAAAGACAAAATGGATTTTCAAGTGCAGATTTTCAGCTTCCTGCTAATCAGTGCCTCAGTCATAATATCCAGAGGACAAATTGTTCTCACCCAGTCTCCAGCAATCATGTCTGCATCTCCAGGGGAGAAGGTCACCATGACCTGCAGTGCCAACTCAAGTGTAAATTACATGCACTGGTACCAGCAGAAGTCAGGCACCTCCCCCAAAAGATGGATTTATGACACATCCAAACTGGCTTCTGGAGTCCCTGCTCGCTTCAGCGGCAGTGGGTCTGGGACCTCATACTCTCTCACAATCAGCAGCATGGAGGCTGAAGATGCTGCCACCTATTACTGCCAGCAGTGGAGTAGTAAACCGCTCACGTTCGGTTCTGGGACCAAGCTGGAGCTGAAACGGGCT		-	-	-	-	-	-	-	-	-	-
plate45	15-SMARTindex	L118/90	2932	55.3	5298	Illumina	AGACAGGCAGTGGGAGCAAGATGGATTCACAGGCCCAGGTTCTTATATTGCTGCTGCTATGGGTATCTGGTACCTGTGGGGACATTGTGATGTCACAGTCTCCATCCTCCCTGGCTGTGTCAGCAGGAGAGAAGGTCACTATGAGCTGCAAATCCAGTCAGAGTCTGCTCAACAGTAGAACCCGAAAGAACTACTTGGCTTGGTACCAGCAGAAACCAGGGCAGTCTCCTAAACTGCTGATCTACTGGGCATCCACTAGGGAATCTGGGGTCCCTGATCGCTTCACAGGCAGTGGATCTGGGACAGATTTCACTCTCACCATCAGCAGTGTGCAGGCTGAAGACCTGGCAGTTTATTACTGCAAGCAATCTTATAATCTTCCCACGTTCGGCTCGGGGACAAAGTTGGAAATAAAACGGGCT		-	-	-	-	-	-	-	-	-	-
plate45	18-SMARTindex	L118/18	1182	45	2625	Illumina	AATTAGCTAGGGACCAAAATTCAAAGACAAAATGGATTTTCAAGTGCAGATTTTCAGCTTCCTGCTAATCAGTGCCTCAGTCATAATATCCAGAGGACAAATTGTTCTCACCCAGTCTCCAGCAATCATGTCTGCATCTCCAGGGGAGAAGGTCACCATGACCTGCAGTGCCAGCTCAAGTGTAAATTACATGCACTGGTACCAGCAGAAGTCAGGCACCTCCCCCAAAAGATGGATTTATGACACATCCAAACTGGCTTCTGGAGTCCCTGCTCGCTTCAGTGGCAGTGGGTCTGGGACCTCTTACTCTCTCACAATCAGCAGCATGGAGGCTGAAGATGCTGCCACTTATTTCTGCCAGCAGTGGAGTAGTAACCCACTCACGTTCGGTGCTGGGACCAAGCTGGAGCTGAAACGGGCT	L118/89	-	-	-	-	-	-	-	-	-	-
plate45	18-SMARTindex	L118/18	1231	46.9	2625	Illumina	GAAATACATCAGATCAGCATGGGCATCAAGATGGAGTCACAGACTCAGGTCTTTGTATACATGTTGCTGTGGTTGTCTGGTGTTGATGGAGACATTGTGATGACCCAGTCTCAAAAATTCATGTCCACATCAGTAGGAGACAGGGTCAGCGTCACCTGCAAGGCCAGTCAGAATGTGGGTACTAATGTAGCCTGGTATCAACAGAAACCAGGGCAATCTCCTAAAGCACTGATTTACTCGGCATCCTACCGGTACAGTGGAGTCCCTGATCGCTTCACAGGCCGTGGATCTGGGACAGATTTCACTCTCACCATCAGCAATGTGCAGTCTGAAGACTTGGCAGAGTATTTCTGTCAGCAATATAACAGCTATCCTCTCACGTTCGGTGCTGGGACCAAGCTGGAGCTGAAACGGGCT		-	-	-	-	-	-	-	-	-	-
plate45	19-SMARTindex	L118/30	2325	37.1	6267	Illumina	GTAATTGAAGTCAAGACTCAGCCTGGACATGATGTCCTCTGCTCAGTTCCTTGGTCTCCTGTTGCTCTGTTTTCAAGGTACCAGATGTGATATCCAGATGACACAGACTACATCCTCCCTGTCTGCCTCTCTGGGAGACAGAGTCACCATCAGTTGCAGGGCAAGTCAGGACATTAGCAATTATTTAAACTGGTATCAGCAGAAACCAGATGGAACTGTTAAACTCCTGATCTACTACACATCAAGATTACACTCAGGAGTCCCATCAAGGTTCAGTGGCAGTGGGTCTGGAACAGATTATTCTCTCACCATTAGCAACCTGGAGCAAGAAGATATTGCCACTTACTTTTGCCAACAGGGTAATACGCTTCCGTGGACGTTCGGTGGAGGCACCAAGCTGGAAATCAAACGGGCT		-	-	-	-	-	-	-	-	-	-
plate45	19-SMARTindex	L118/30	2171	34.6	6267	Illumina	AGAATCACACTGATCACACACAGTCATGAGTGTGCTCACTCAGGTCCTGGCGTTGCTGCTGCTGTGGCTTACAGGTGCCAGATGTGACATCCAGATGACTCAGTCTCCAGCCTCCCTATCTGCATCTGTGGGAGAAACTGTCACCATCACATGTCGAGCAAGTGGGAATATTCACAATTATTTAGCATGGTATCAGCAGAAACAGGGAAAATCTCCTCAGCTCCTGGTCTATAATACAAAAACCTTAGCAGATGGTGTGCCATCAAGGTTCAGTGGCAGTGGATCAGGAACACAATATTCTCTCAAGATCAACAGCCTGCAGCCTGAAGATTTTGGGAATTATTACTGTCATCATTTTTGGAGTATTCCTCCGACGTTCGGTGGAGGCACCAAGCTGGAAATCAAACGGGCT		-	-	-	-	-	-	-	-	-	-
plate45	20-SMARTindex	L118/47	2878	84.5	3405	Illumina	GCTGTAATCAGCATCACACTGAAAACACACAGACATGAGTGTGCCCACTCAGGTCCTGGGGTTGCTGCTGCTGTGGCTTACAGGTGCCAGATGTGACATCCAGATGACTCAGTCTCCAGCCTCCCTATCTGCATCTGTGGGAGAAACTGTCACCATCACATGTCGAGCAAGTGAGAATATTTACAGTTATTTAGCATGGTATCTTCATAAACAGGGAAAATTTCCTCACCTCCTGGTCTATAATGCAAAAACCTTAGCAGAAGGTGTGCCATCAAGGTTCAGTGGCAGTGGATCAGGCACACAATTTTCTCTAAAGATCAATAGTCTGCGGCCTGAAGATTTTGGGACTTATTACTGTCAACATCATTATCTTACTCCATTCACGTTCGGCTCGGGGACAAAGTTGGAAATAAAACGGGCT		-	-	-	-	-	-	-	-	-	-
plate45	21-SMARTindex	L118/61	2329	54.2	4296	Illumina	GAAATACATCAGACCAGCATGGGCATCAAGATGGAGACACATTCTCAGGTCTTTGTATACATGTTGCTGTGGTTGTCTGGTGTTGAAGGAGACATTGTGATGACCCAGTCTCACAAATTCATGTCCACATCATTAGGAGACAGGGTCAGCATCACCTGCAAGGCCAGTCAGGATGTGGGTACTGCTGTAGCCTGGTATCAACAGAAACCAGGACAATCTCCTAAACTACTGATTTACTGGGCATCCACCCGGCACACTGGAGTCCCTGATCGCTTCACAGGCAGTGGATCTGGGACAGATTTCACTCTCACCATTAGCAATGTGCAGTCTGAAGACTTGGCAGATTATTTCTGTCAGCAATGTAGCAGCTATCCATTCACGTTCGGCTCGGGGACAAACTTGGAAATAAAACGGGCT		-	-	-	-	-	-	-	-	-	-
plate45	22-SMARTindex	L118/74	900	82.3	1093	Illumina	AATTAGCCAGGAACTAAAATTCAAAGACACAATGGATTTACAGGTGCAGATTATCAGCTTCCTGCTAATCAGTGTCACAGTCATAATGTCCAGAGGAGAAAATGTGCTCACCCAGTCTCCAGCAATAATGGCTGCCTCTCTGGGGCAGAAGGTCACCATGACCTGCAGTGCCAGCTCAAGTGTAAGTTCCAGTTACTTGCACTGGTACCAGCAGAAGTCAGGCGCTTCCCCCAAACCCTTGATTCATAGGACATCCAACCTGGCTTCTGGAGTCCCAGCTCGCTTCAGTGGCAGTGGGTCTGGGACCTCTTATTCTCTCACAATCAGCAGCGTGGAGGCTGAAGATGATGCAACTTATTACTGCCAGCAGTGGAGTGGTTACCCGCTCACGTTCGGTGCTGGGACCAAGCTGGAGCTGAAACGGGCT		-	-	-	-	-	-	-	-	-	-
plate45	23-SMARTindex	L118/91	1084	56.3	1925	Illumina	ATCCTCTCTTCTAGCTCTCAGAGATGGAGACAGACACACTCCTGCTATGGGTGCTGCTGCTCTGGGTTCCAGGTTCCACTGGTGACATTGTGCTGACACAGTCTCCTGCTTCCTTAGCTGTATCTCTGGGGCAGAGGGCCACCATCTCATGCAGGGCCAGCCAAAGTGTCAGTACATCTAGCTATAGTTATATGCACTGGTACCAACAGAAACCAGGACAGCCACCCAAACTCCTCATCAAGTATGCATCCAACCTAGAATCTGGGGTCCCTGCCAGGTTCAGTGGCAGTGGGTCTGGGACAGACTTCACCCTCAACATCCATCCTGTGGAGGAGGAGGATACTGCAACATATTACTGTCAGCACAGTTGGGAGATTCCGTACACGTTCGGAGGGGGGACCAAGCTGGAAATAAAACGGGCT		-	-	-	-	-	-	-	-	-	-
plate45	24-SMARTindex	L118/105	3445	52.6	6549	Illumina	GAAATACATCAGATCAGCATGGGCATCAAGATGGAGTCACAGACTCAGGTCTTTGTATACATGTTGCTGTGGTTGTCTGGTGTTGATGGAGACATTGTGATGACCCAGTCTCAAAAATTCATGTCCACATCAGTAGGAGACAGGGTCAGCGTCACCTGCAAGGCCAGTCAGAATGTGGGTACTAATGTAGCCTGGTATCAACAGAAACCAGGGCAATCTCCTAAAGCACTGATTTACTCGGCATCCTACCGGTACAGTGGAGTCCCTGATCGCTTCACAGGCAGTGGATCTGGGACAGATTTCACTCTCACCATCAGCAATGTGCAGTCTGAAGACTTGGCAGAGTATTTCTGTCAGCAATATAACAGCTATCCTTACACGTTCGGAGGGGGGACCAAGCTGGAAATAAAACGGGCT		-	-	-	-	-	-	-	-	-	-
plate45	25-SMARTindex	L118/4	3284	77.1	4260	Illumina	AATTAGCTAGGGACCAAAGTTCAAAGACAAAATGGATTTTCAAGTGCAGATTTTCAGCTTCCTGCTAATCAGTGCCTCAGTCATACTGTCCAGAGGACAAATTGTTCTCACCCAGTCTCCAGCAATCATGTCTGCATCTCCAGGGGAGAAGGTCACCATGACCTGCAGTGCCAGCTCAAGTGTAAGTTACATGTACTGGTACCAGCAGAAGCCAGGATCCTCCCCCAGACTCCTCATTTATGACACATCCAACCTGGCTTCTGGAGTCCCTGTTCGCTTCAGTGGCAGTGGGTCTGGGACCTCTTACTCTCTCACAATCAGCCGAATGGAGGCTGAAGATGCTGCCACTTATTACTGCCAGCAGTGGAGTAGTTACCCACCCATCACGTTCGGTGCTGGGACCAAGCTGGAGCTGAAACGGGCT		-	-	-	-	-	-	-	-	-	-
plate45	26-SMARTindex	L118/19	1230	54.9	2241	Illumina	GAAATACATCAGGCAGGCAAGGGCATCAAGATGAAGTCACAGACCCAGGTCTTCGTATTTCTACTGCTCTGTGTGTCTGGTGCTCATGGGAGTATTGTGATGACCCAGACTCCCAAATTCCTGCTTGTATCAGCAGGAGACAGGGTTACCATAACCTGCAAGGCCAGTCAGAGTGTGAGTAATGATGTAGCTTGGTACCAACAGAAGCCAGGGCAGTCTCCTAAACTGCTGATATACTATGCATCCAATCGCTACACTGGAGTCCCTGATCGCTTCACTGGCAGTGGATATGGGACGGATTTCACTTTCACCATCAGCACTGTGCAGGCTGAAGACCTGGCAGTTTATTTCTGTCAGCAGGATTATAGCTCTCCGTGGACGTTCGGTGGAGGCACCAAGCTGGAAATCAAACGGGCT		-	-	-	-	-	-	-	-	-	-
plate45	28-SMARTindex	L118/48	736	52.7	1397	Illumina	AGCTGCCAGGAGCCTAAGAAGCATCCTCTCATCTAGTTCTCAGAGATGGAGACAGACACAATCCTGCTATGGGTGCTGCTGCTCTGGGTTCCAGGCTCCACTGGTGACATTGTGCTGACCCAATCTCCAGCTTCTTTGGCTGTGTCTCTAGGGCAGAGGGCCACCATCTCCTGCAAGGCCAGCCAAAGTGTTGATTATGATGGTGATAGTTATATGAACTGGTACCAACAGAAACCAGGACAGCCACCCAAACTCCTCATCTATGCTGCATCCAATCTAGAATCTGGGATCCCAGCCAGGTTTAGTGGCAGTGGGTCTGGGACAGACTTCACCCTCAACATCCATCCTGTGGAGGAGGAGGATGCTGCAACCTTTTACTGTCAGCAAGGTAATGAGGATCGGACGTTCGGTGGAGGCACCAAGCTGGAAATCAAACGGGCT		-	-	-	-	-	-	-	-	-	-
plate45	29-SMARTindex	L118/62	825	34.6	2387	Illumina	AGCATCAGACAGGCTGGGCAGCAAGATGGAATCACAGACCCAGGTCCTCATGTTTCTTCTGCTCTGGGTATCTGGTGCCTGTGCAGACATTGTGATGACACAGTCTCCATCCTCCCTGGCTATGTCAGTAGGACAGAAGGTCACTATGAGCTGCAAGTCCAGTCAGAGCCTTTTAAATAGTAGCAATCAAAAGAACTATTTGGCCTGGTACCAGCAGAAACCAGGACAGTCTCCTAAACTTCTGGTATATTTTGCATCCACTAGGGAATCTGGGGTCCCTGATCGCTTCATAGGCAGTGGATCTGGGACAGATTTCACTCTTACCATCAGCAGTGTGCAGGCTGAAGACCTGGCAGATTACTTCTGTCACCAACATTATACCACTCCGTACACGTTCGGAGGGGGGACCAAGCTGGACATAAAACGGGCT		-	-	-	-	-	-	-	-	-	-
plate45	29-SMARTindex	L118/62	753	31.5	2387	Illumina	ACTGATCAGTCTCCTCAGGCTGTCTCCTCAGGTTGCCTCCTCAAAATGAAGTTGCCTGTTAGGCTGTTGGTGCTGATGTTCTGGATTCCTGCTTCCAGCAGTGATGTTGTGATGACCCAAACTCCAGTCTCCCTGCCTGTCAGTCTTGGAGATCAAGCCTCCATCTCTTGCAGATCTAGTCAGAGCCTTGTACACAGTAATGGAAACACCTATTTACATTGGCACCTGCAGAAGCCAGGCCAGTCTCCAAAGCTCCTGATCTACAAAGTTTCCAACCGATTTTCTGGGGTCCCAGACAGGTTCAGTGGCAGTGGATCAGGGACAGATTTCACACTCAAGATCAGCAGAGTGGAGGCTGAGGATCTGGGAGTTTATTTCTGCTCTCAAAGTACACATGTTCCGTGGACGTTCGGTGGAGGCACCAAGCTGGAAATCAAACGGACT		-	-	-	-	-	-	-	-	-	-
plate45	30-SMARTindex	L118/76	3214	45.2	7104	Illumina	GAAATGCATCAGACCAGCATGGGCATCAAGATGGAATCACAGACTCTGGTCTTCATATCCATACTGCTCTGGTTATATGGTGCTGATGGGAACATTGTAATGACCCAATCTCCCAAATCCATGTCCATGTCAGTAGGAGAGAGGGTCACCTTGAGCTGCAAGGCCAGTGAGAATGTGGGTTCTTATGTATCCTGGTATCAACAGAAACCAGAGCAGTCTACTAAACTGCTGATATACGGGGCATCCAACCGGTACACTGGGGTCCCCGATCGCTTCACAGGCAGTGGATCTGCAACAGATTTCACTCTGACCATCAGCAGTGTGCAGGCTGAAGACCTTGCAGATTATCACTGTGGACAGAGTTACAGCTATCCGTACACGTTCGGAGGGGGGACCAAGCTGGAAATAAAACGGGCT		-	-	-	-	-	-	-	-	-	-
plate45	30-SMARTindex	L118/76	2636	37.1	7104	Illumina	ACTTATGAGAATAGCAGTAATTAGCTAGGGACCAAAATTCAAAGACAAAATGCATTTTCAAGTGCAGATTTTCAGCTTCCTGCTAATCAGTGCCTCAGTCATAATGTCCAGAGGACAAATTGTTCTCACCCAGTCTCCAGCAATCATGTCTGCATCTCCAGGGGAGAAGGTCACCATAACCTGCAGTGCCAGCTCAAGTGTAAGTTACATGCACTGGTTCCAGCAGAAGCCAGGCACTTCTCCCAAACTCTGGATTTATAGTACATCCAACCTGGCTTCTGGAGTCCCTGCTCGCTTCAGTGGCAGTGGATCTGGGACCTCTTACTCTCTCACAATCAGCCGAATGGAGGCTGAAGATGCTGCCACTTATTACTGCCAGCAAAGGAGTAGTTACCCGCTCACGTTCGGTGCTGGGACCAAGCTGGAGCTGAAACGGGCT		-	-	-	-	-	-	-	-	-	-
plate45	31-SMARTindex	L118/92	3920	89.3	4391	Illumina	AGCCTCACACTGATCACACACAGACATGAGTGTGCCCACTCAGGTCCTGGGGTTGCTGCTGCTGTGGCTTACAGATGCCAGATGTGACATCCAGATGACTCAGTCTCCAGCCTCCCTATCTGTATCTGTGGGAGAAACTGTCACCATCACATGTCGAGCAAGTGAGAATATTTACAGTAATTTAGCATGGTATCAGCAGAAACAGGGAAAATCTCCTCAGCTCCTGGTCTATGCTGCAACAAACTTAGCAGATGGTGTGCCATCAAGGTTCAGTGGCAGTGGATCAGGCACACAGTATTCCCTCAAGATCAACAGCCTGCAGTCTGAAGATTTTGGGAGTTATTACTGTCAACATTTTTGGGGTACTCCATTCACGTTCGGCTCGGGGACAAAGTTGGAAATAAAACGGGCT		-	-	-	-	-	-	-	-	-	-
plate45	32-SMARTindex	L118/106	3007	57.2	5259	Illumina	GAAATACATCAGATCAGCATGGGCATCAAGATGGAGTCACAGACTCAGGTCTTTGTATACATGTTGCTGTGGTTGTCTGGTGTTGATGGAGACATTGTGATGACCCAGTCTCAAAAATTCATGTCCACACCAGTAGGAGACAGGGTCAGCGTCACCTGCAAGGCCAGTCAGACTGTGGGTATTAATGTAGCCTGGTATCAACAGAAACCAGGGCAATCTCCTACAGCACTGATTTTCTCGGCATCCTACCGGTACAGTGGAGTCCCTGATCGCTTCACAGGCAGTGGATCTGGGACAGATTTCACTCTCACCATCAGCAATGTGCAGTCTGAAGACTTGGCAGACTATTTCTGTCAGCAATATAACAGCTATCCTTGGACGTTCGGTGGAGGCACCAAGCTGGAAATCAAACGGGCT		-	-	-	-	-	-	-	-	-	-
plate45	33-SMARTindex	L118/5	306	24.7	1239	Illumina	GTTGTCATTGCAGTCAGGACTCAGCATGGACATGAGGGCCCCTGCTCAGTTTTTTGGGATCTTGTTGCTCTGGTTTCCAGGTATCAGATGTGACATCAAGATGACCCAGTCTCCATCCTCCATGTATGCATCGCTGGGAGAGAGAGTCACTATCACTTGCAAGGCGAGTCAGGACATTAAAAGCTATTTAAGCTGGTACCAGCAGAAACCATGGAAATCTCCTAAGACCCTGATCTATTATGCAACAAGCTTGGCAGATGGGGTCCCATCAAGATTCAGTGGCAGTGGATCTGGGCAAGATTATTCTCTAACCATCAGCAGCCTGGAGTCTGACGATACAGCAACTTATTACTGTCTACAGCATGGTGAGAGCCCGTGGACGTTCGGTGGAGGCACCAAGCTGGAAATCAAACGGGCT		-	-	-	-	-	-	-	-	-	-
plate45	33-SMARTindex	L118/5	299	24.1	1239	Illumina	ACCAAAATTCAAAGACAAAATGGATTTTCAAGTGCAGATTTTCAGCTTCCTGCTAATGAGTGCCTCAGTCAAAATGTCCAGGGGACAAATTGTTCTCACCCAGTCTCCAGCACTCATGTCTGCATCTCCAGGGGAGAAGGTCACCATGACCTGCAGTGCCAGCTCAAGTGTAAGTTACATGTACTGGTACCAGCAGAAGCCAAGATCCTCCCCCAAACCCTGGATTTATCTCACATCCAACCTGGCTTCTGGAGTCCCTACTCGCTTCAGTGGCAGTGGGTCTGGGACCTCTTACTCTCTCACAATCAGCAGCATGGAGGCTGAAGATGCTGCCACTTATTACTGCCAGCAGTGGAGTAGTAACCCACCCATCACGTTCGGAGGGGGGACCAAGCTGGAAATTAAACGGGCT		-	-	-	-	-	-	-	-	-	-
plate45	34-SMARTindex	L118/20	1701	87.3	1949	Illumina	GTAATTGAAGTCAAGACTCAGCCTGGACATGATGTCCTCTGCTCAGTTCCTTGGTCTCCTGTTGCTCTGTTTTCAAGGTACCAGATGTGATATCCAGATGACACAGACTACATCCTCCCTGTCTGCCTCTCTGGGAGACAGAGTCACCATCAGTTGCAGGGCAAGTCAGGACATTAGCAATTATTTAAACTGGTATCAGCAGAAACCAGATGGAACTGTTAAACTCCTGATCTACTACACATCAAGATTACACTCAGGAGTCCCATCAAGGTTCAGTGGCAGTGGGTCTGGAACAGATTATTCTCTCACCATTAGCAACCTGGACCAAGAAGATATTGCCACTTACTTTTGCCATCAGGGTAATACGCTTCCGTACACGTTCGGAGGGGGGACCAAGCTGGAAATAAAACGGGCT		-	-	-	-	-	-	-	-	-	-
plate45	35-SMARTindex	L118/32	4468	86.3	5176	Illumina	AGCTGCCAGGAGCCTAAGAAGCATCCTCTCATCTAGTTCTCAGAGATGGAGACAGACACAATCCTGCTATGGGTGCTGCTGCTCTGGGTTCCAGGCTCCACTGGTGACATTGTGCTGACCCAATCTCCAGCTTCTTTGGCTGTGTCTCTAGGGCAGAGGGCCACCATCTCCTGCAAGGCCAGCCAAAGTGTTGATTATGATGGTGATAGTTATATGAACTGGTACCAACAGAAACCAGGCCAGCCACCCAAACTCCTCATCTATGCTGCATCCAATCTAGAATCTGGGATCCCAGCCAGGTTTAGTGGCAGTGGGTCTGGGACAGACTTCACCCTCAACATCCATCCTGTGGAGGAGGAGGATGCTGCAACCTATTACTGTCAACAAAGTAATGAGGATCCTCGGACGTTCGGTGGAGGCACCAAGCTGGAAATCAAACGGGCT		-	-	-	-	-	-	-	-	-	-
plate45	36-SMARTindex	L118/49	369	24.2	1525	Illumina	ACTTATGATAATAGCAGTAATTAGCTAGGGACCAAAATTCAAAGGAAAAATGGATTTTCAGGTGCAGATTTTCAGCTTCCTGCTAATCAGTGCCTCAGTCATAATGTCCAGAGGACAAATTGTTCTCACCCAGTCTCCAGCAATCATGTCTGCATCTCTAGGGGAACGGGTCACCATGACCTGCACTGCCAGCTCAAGTGTAAGTTCCAGTTACTTGCACTGGTACCAGCAGAAGCCAGGATCCTCCCCCAAATTCTGGATTTATAGTACATCCAACCTGGCTTCTGGAGTCCCAGTTCGTTTCAGTGGCAGTGGGTCTGGGACCTCTTACTCTCTCATAATCAGCAGCATGGAGGCTGAAGATGCTGCCACTTATTACTGCCACCAGTATCATCGTTCCCCATTCACGTTCGGCTCGGGGACAAAGTTGGAAATAAAACGGGCT	L118/26	-	-	-	-	-	-	-	-	-	-
plate45	37-SMARTindex	L118/63	84	22.6	371	Illumina	ATTGTCATTGCAGTCAGGACTCAGCATGGACATGAGGGTTCCTGCTCACGTTTTTGGCTTCTTGTTGCTCTGGTTTCCAGGTTCCAGGTGTGACATCCAGATGACCCAGTCTCCATCCTCCTTATCTGCCTCTCTGGGAGAAAGAGTCAGTCTCACTTGTCGGGCAAGTCAGGAAATTAGTGCTTACTTAGGCTGGCTTCAGCAGAGACCAGATGGAACTATTAAACGCCTGATCTACGCCGCATCCACTTTAGATTCTGGTGTCCCAAAAAGGTTCAGTGGCACTGGGTCTGGGTCAGATTATTCTCTCACCATCAGCAGCCTTGAGTCTGAAGATTTTGCAGACTATTACTGTCTACAATATGCTAGTTATCCTCCGACGTTCGGTGGAGGCACCAAGCTGGAAATCAAACGGGCT		-	-	-	-	-	-	-	-	-	-
plate45	38-SMARTindex	L118/77	2173	72.1	3012	Illumina	AGACAGGCAGTGGGAGCAAGATGGATTCACAGGCCCAGGTTCTTATATTGCTGCTGCTATGGGTATCTGGTACCTGTGGGGACATTGTGATGTCACAGTCTCCATCGTCCCTGGCTGTGTCAGCAGGAGAGAAGGTCACTATGAGCTGCAAATCCAGTCAGAGTCTGCTCAACAGTAGAACCCGAAAGAACTACTTGGCTTGGTACCAGCAGAAACCAGGGCAGTCTCCTAAACTGCTGATCTACTGGGCATCCACTAGGGAATCTGGGGTCCCTGATCGCTTCACAGGCAGTGGATCTGGGACAGATTTCACTCTCACCATCAGCAGTGTGCAGGCTGAAGACCTGGCAGTTTATTACTGCAAGCAATCTTATTATCTTCGGACGTTCGGTGGAGGCACCAAGCTGGAAATCAAACGGGCT		-	-	-	-	-	-	-	-	-	-
plate45	39-SMARTindex	L118/93	1406	55.9	2515	Illumina	AGCTGCCAGGAGCCTAAGAAGCATCCTCTCATCTAGTTCTCAGAGATGGAGACAGACACAATCCTGCTATGGGTGCTGCTGCTCTGGGTTCCAGGCTCCACTGGTGACATTGTGCTGACCCAATCTCCAGCTTCTTTGGCTGTGTCTCTAGGGCAGAGGGCCACCATCTCCTGCAAGGCCAGCCAAAGTGTTGATTATGATGGTGATAGTTATATGAACTGGTACCAACAGAAACCAGGACAGCCACCCAAACTCCTCATCTATGCTGCGTCCATTCTAGAATCTGGGATCCCAGCCAGGTTTAGTGGCAGTGGGTCTGGGACAGACTTCACCCTCACCATCCATCCTGTGGAGGAGGAGGATGCTGCAACCTATTACTGTCAGCAAAGTCATGAGGATCGGACGTTCGGTGGAGGCACCAAGCTGGAAATCAAACGGGCT		-	-	-	-	-	-	-	-	-	-
plate45	40-SMARTindex	L118/108	3357	89.6	3746	Illumina	AATTAGCTAGGGACCAAAATTCAAAGACAAAATGGATTTTCAAGTGCAGATTTTCAGCTTCCTGCTAATCAGTGCCTCAGTCATAATATCCAGAGGACAAATTGTTCTCACCCAGTCTCCAGCAATCATGTCTGCATCTCCAGGGGAGAAGGTCACCATGACCTGCAGTGCCAGCTCAAGTGTAAGTTACATGCACTGGTACCAGCAGAAGTCAGGCACCTCCCCCAAAAGATGGATTTATGACACATCCAAACTGGCTTCTGGAGTCCCTGCTCGCTTCAGTGGCAGTGGGTCTGGGACCTCTTACTCTCTCACAATCAGCAGTATGGAGGCTGAAGATGCTGCCACTTATTACTGCCAGCAGTGGAGTAGTAACCCACGGACGTTCGGTGGAGGCACCAAGCTGGAAATCAAACGGGCT		-	-	-	-	-	-	-	-	-	-
plate45	41-SMARTindex	L118/6	344	50.6	680	Illumina	GAAATACATCAGATCAGCATGGGCATCAAGATGGAGTCACAGACTCAGGTCTTTGTATACATGTTGCTGTGGTTGTCTGGTGTTGATGGAGACATTGTGATGACCCAGTCTCAAAAATTCATGTCCACATCAGTAGGAGACAGGGTCAGCGTCACCTGCAAGGCCAGTCAGAATGTGGGTACTAATGTAGCCTGGTATCAACAGAAACCAGGGCAATCTCCTAAAGCACTGATTTACTCGGCATCCTACCGGTACAGTGGAGTCCCTGATCGCTTCACAGGCAGTGGATCTGGGACAGATTTCACTCTCACCATCAGCAATGTGCAGTCTGAAGACTTGGCAGAGTATTTCTGTCAGCAATATAACAGCTATCCATTCACGTTCGGCTCGGGGACAAAGTTGGAAATAAGACGGGCT		-	-	-	-	-	-	-	-	-	-
plate45	41-SMARTindex	L118/6	227	33.4	680	Illumina	AGACAGGCAGTGGGAGCAAGATGGATTCACAGGCCCAGGTTCTTATATTGCTGCTGCTATGGGTATCTGGTACCTGTGGGGACATTGTGATGTCACAGTCTCCATCCTCCCTGACTGTGTCAGCAGGAGAGAAGGTCACTATGAGTTGCAAATCCAGTCAGAGTCTGCTCAATAGGAGAAACCGAAAGAACTACTTGGCTTGGTACCAGCAGAAACCAGGGCAGTCTCCTAAACTGCTGATCTACTGGGCATCCACTAGGGAATCTGGGGTCCCTGATCGCTTCACAGGCAGTGGATCTGGGACAGATTTCACTCTCACCATCAGCAGTGTGCAGGCTGAAGACCTGGCAGTTTATTACTGCAAGCAATCTTATAATCTGTACACGTTCGGAGGGGGGACCAAGCTGGAAATAAAACGGGCT	L118/68	-	-	-	-	-	-	-	-	-	-
plate45	42-SMARTindex	L118/21	222	34.5	643	Illumina	AATGTCAGGTCACAGCAGAAACATGAAGTTTCCTTCTCAACTTCTGCTCTTCCTGCTGTTCAGAATCACAGGCATAATATGTGACATCCAGATGACACAATCTTCATCCTACTTGTCTGTATCTCTAGGAGGCAGAGTCACCATTACTTGCAAGGCAAGTGACCACATTAATAATTGGTTAGCCTGGTATCAGCAGAAACCAGGAAATGCTCCTAGGCTCTTAATATCTGGTGCAACCAGTTTGGAAACTGGGGTTCCTTCAAGATTCAGTGGCAGTGGATCTGGAAAGGATTACACTCTCAGCATTACCAGTCTTCAGACTGAAGATGTTGCTACTTATTACTGTCAACAGTATTGGAGTATTCCATTCACGTTCGGCTCGGGGACAAAGTTGGAAATAAAACGGGCT		-	-	-	-	-	-	-	-	-	-
plate45	42-SMARTindex	L118/21	207	32.2	643	Illumina	ACATCTGAAAGGCAGGTGGAGCAAGATGGAATCACAGACTCAGGTCCTCATCTCCTTGCTGTTCTGGGTATCTGGTACCTGTGGGGACATTGTGATGACACAGTCTCCATCCTCCCTGAGTGTGTCAGCAGGAGAGAAGGTCACTCTGAGCTGCAAGTCCAGTCAGAGTCTGTTAAACAGTGGAAATCAACAGAACTACTTGGCCTGGTACCAGCAGAAACCAGGGCAGCCTCCTAAACTGTTGATCTACGGGGCATCCACTAGGGAATCTGGGGTCCCTGATCGCTTCACAGGCAGTGGATCTGGAACCAATTTCACTCTTACCATCAGCAGTGTGCAGGCTGAAGACCTGGCAGTTTATTACTGTCAGAATGATCATAGTTATCCATACACGTTCGGAGGGGGGACCAAGCTGGAAATAAAACGGGCT		-	-	-	-	-	-	-	-	-	-
plate45	44-SMARTindex	L118/50	939	85.4	1099	Illumina	GAAATACATCAGATCAGCATGGGCATCAAGATGGAGTCACAGACTCAGGTCTTTGTATACATGTTGCTGTGGTTGTCTGGTGTTGAAGGAGACATTGTGCTGACCCAGTCTCAAAAACTCATGTCCACATCAGTAGGAGACAGGGTCAGCGTCACCTGCAAGGCCAGTCAGAATGTGGGTACTAATGTAGCCTGGTATCAACAGAAACCAGGGCAATCTCCTAAAGCACTGATTTATTCGGCATCCTACCGGTACAGTGGAGTCCCTGATCGCTTCACAGGCAGTGGATCTGGGACAGATTTCACTCTCACCATCAGCAATGTGCAGTCTGAAGACTTGGCAGAGTATTTCTGTCAGCAATATAACAGCTATCCATTCACGTTCGGCTCGGGGACAAAGTTGGAAATAAAACGGGCT		-	-	-	-	-	-	-	-	-	-
plate45	46-SMARTindex	L118/78	1466	39.5	3715	Illumina	GAAATACATCAGATCAGCATGGGCATCAAGATGGAGTCACAGACTCAGGTCTTTGTATACATGTTGCTGTGGTTGTCTGGTGTTGATGGAGACATTGTGATGACCCAGTCTCAAAAATTCATGTCGACATCAGTAGGAGACAGGGTCAGCGTCACCTGCAAGGCCAGTCAGAATGTGGGTACTAATGTAGCCTGGTATCAACAGAAACCAGGGCAATCTCCTAAAGTACTGATTTACTCGGCATCCTACCGGTACAGTGGAGTCCCTGACCGCTTCACAGGCAGTGGATCTGGGACAGATTTCACTCTCACCATCAGCAATGTGCAGTCTGAAGACTTGGCAGAGTATTTCTGTCAGCAATATAACAGGTATCCTCTCACGTTCGGCTCGGGGACAAAGTTGGAAATAAAACGGGCT		-	-	-	-	-	-	-	-	-	-
plate45	46-SMARTindex	L118/78	1279	34.4	3715	Illumina	GCTGTAATCAGCATCACACTGAAAACACACAGACATGAGTGTGCCCACTCAGGTCCTGGGGTTGCTGCTGCTGTGGCTTACAGGTGCCAGATGTGACATCCAGATGACTCAGTCTCCAGCCTCCCTATCTGCATCTGTGGGCGAAACTGTCACCATCACATGTCGACCAAGTGAGAGTATTTACAGTTATTTAGCATGGTATCAGCAGAAACAGGGACAATCTCCTCAGCTCCTGGTCTATAATGCAAAAACCTTAGCAGAAGGTGTGCCATCAAGGTTCAGTGGCAGTGGATCAGGCACACATTTTTCTCTGAGGATCAACAGCCTGCAGCCTGAAGATTTTGGGAGTTATTACTGTCAACATCATTATGCTACTCCGTACACGTTCGGAGGGGGGACCAAGCTGGCAATAAAACGGGCT		-	-	-	-	-	-	-	-	-	-
plate45	47-SMARTindex	L118/94	2295	87.9	2610	Illumina	AATTAGCTAGGGACCAAAGTTCAAAGACAAAATGGATTTTCAAGTGCAGATTTTCAGCTTCCTGCTAATCAGTGCCTCAGTCATACTGTCCAGAGGACAAATTGTTCTCACCCAGTCTCCAGCAATCATGTCTGCATCTCCAGGGGAGAAGGTCACCATGACCTGCAGTGCCAGCTCAAGTGTAAGTTACATGTACTGGTACCAGCAGAAGCCAGGATCCTCCCCCAGACTCCTGATTTATGACACATCCAACCTGGCTTCTGGAGTCCCTGTTCGCTTCAGTGGCAGTGGGTCTGGGACCTCTTACTCTCTCACAGTCAGCCGAATGGAGGCTGAAGATGCTGCCACTTATTACTGCCAGCAGTGGATTAGTTACCCGCTCACGTTCGGTGCTGGGACCAAGCTGGAGCTGAAACGGGCT		-	-	-	-	-	-	-	-	-	-
plate45	48-SMARTindex	L118/109	704	29.3	2405	Illumina	GAAATACATCAGATCAGCATGGGCATCAAGATGGAGTCACAGACTCAGGTCTTTGTATACATGTTGCTGTGGTTGTCTGGTGTTGATGGAGACATTGTGATGACCCAGTCTCAAAAATTCATGTCCACATCAGTAGGAGACAGGGTCAGCGTCACCTGCAAGGCCAGTCAGAATGTGGGTATTAATGTAGCCTGGTATCGACAGAGACCAGGGCAATCTCCTAAAGCACTGATTTACTCGGCATCCTACCGGTCCAGTGGAGTCCCTGATCGCTTCACAGGCAGTGGATCTGGGACAGATTTCACTCTCACCATCAGCAATGTGCACTCTGAAGACTTGGCAGAGTATTTCTGTCAGCAATATAACAGCTATCCGCTCACGTTCGGTGCTGGGACCAAGCTGGAGCTGAGACGGGCT		-	-	-	-	-	-	-	-	-	-
plate45	49-SMARTindex	L118/7	480	75.4	637	Illumina	ATTGTCATTGCAGTCAGGACTCAGCATGGACATGAGGGTTCCTGCTCACGTTTTTGGCTTCTTGTTGCTCTGGTTTCCAGGTACCAGATGTGACATCCAGATGACCCAGTCTCCATCCTCCTTATCTGCCTCTCTGGGAGAAAGAGTCAGTCTCACTTGTCGGGCAAGTCAGGAAATTAGTGATTACTTAAGCTGGCTTCAGCAGAAACCAGATGGAACTATTAAACGCCTGATCTACGCCGCATCCATTGTAGATTCTGGTGTCCCAAAAAGGTTCAGTGGCAGTAGGTCTGGGTCAGATTATTCTCTCACCATCAGCAGCCTTGAGTCTGAAGATTTTGCAGACTATTACTGTCTACAATATGCTAGTTATCCTCCGACGTTCGGTGGAGGCACCAAGCTGGAAATCAAACGGGCT		-	-	-	-	-	-	-	-	-	-
plate45	51-SMARTindex	L118/34	899	41.5	2167	Illumina	AATCCACAGAAGCTCAGGGAAAATTTGAAGATGGTGTCCACTTCTCAGCTCCTTGGACTTTTGCTTTTCTGGACTTCAGCCTCCAGATGTGACATTGTGATGACTCAGTCTCCAGTCACCCTGTCTGTGACTCCAGGAGATAGAGTCTCTCTTTCCTGCAGGGCCAGCCAGAGTATTAGCGACTACTTACACTGGTATCAGCAAAAATCACATGAGTCTCCAAGGCTTCTCATCAAATATGCTTCCCAATCCATCTCTGGGATCCCCTCCAGGTTCAGTGGCAGTGGATCAGGGTCAGATTTCACTCTCAGTATCAACAGTGTGGAACCTGAAGATGTTGGAGTGTATTACTGTCAAAATGGTCACAGCTTTCCGTACACGTTCGGAGGGGGGACCAAGCTGGAAATAAAACGGGCT		-	-	-	-	-	-	-	-	-	-
plate45	52-SMARTindex	L118/51	521	74.1	703	Illumina	ACTGATCAGTCTCCTCAGGCTGTCTCCTCAGGTTGCCTCCTCAAAATGAAGTTGCCTGTTAGGCTGTTGGTGCTGATGTTCTGGATTCCTGCTTCCAGCAGTGATGTTTTGATGACCCAAACTCCACTCTCCCTGCCTGTCAGTCTTGGAGATCAAGCCTCCATCTCTTGCAGATCTAGTCAGAGCATTGTACATAGTAATGGAAACACCTATTTAGAATGGTACCTGCAGAAACCAGGCCAGTCTCCAAAGCTCCTGATCTACAAAGTTTCCAACCGATTTTCTGGGGTCCCAGACAGGTTCAGTGGCAGTGGATCAGGGACAGATTTCACACTCAAGATCAGCAGAGTGGAGGCTGAGGATCTGGGAGTTTATTACTGCTTTCAAGGTTCACATGTTCCGTGGACGTTCGGTGGAGGCACCAAGCTGGAAATCAAACGGGCT		-	-	-	-	-	-	-	-	-	-
plate45	53-SMARTindex	L118/67	1290	90.3	1429	Illumina	ACTTATGAGAATAGCAGTAATTAGCTAGGGACCAAAATTCAAAGACAAAATGGATTTTCAAGTGCAGATTTTCAGCTTCCTGCTAATCAGTGCCTCAGTCATAATATCCAGAGGACAAATTGTTCTCACCCAGTCTCCAGCAATCATGTCTGCATCTCCAGGGGAGAAGGTCACCATGACCTGCAGTGCCAACTCAAGTGTAAATTACATGCACTGGTACCAGCAGAAGTCAGGCACCTCCCCCAAAAGATGGATTTATGACACATCCAAACTGGCTTCTGGAGTCCCCGCTCGCTTCAGTGGCAGGGGGTCTGGGACCTCTTACTCTCTCACAATCAGCAGCATGGAGGCTGAAGATGCTGCCACTTATTACTGCCAGCAGTGGAGAAGTAACCCACTCACGTTCGGTGCTGGGACCAAGCTGGAGCTGAAACGGGCT		-	-	-	-	-	-	-	-	-	-
plate45	54-SMARTindex	L118/79	2245	69.1	3247	Illumina	AGCATCAGACAGGCTGGGCAGCAAGATGGAATCACAGACCCAGGTCCTCATGTTTCTTCTGCTCTGGGTATCTGGTGCCTGTGCAGACATTGTGATGACACAATCTCCATCCTCCCTGGCTATGTCAGTAGGACAGAAGGTCACTATGAGCTGCAAGTCCAGTCAGAGCCTTTTAAATAGTAGCAATCAAAAGAACTATTTGGCCTGGTACCAGCAGAAACCAGGACAGTCTCCTAAACTTCTGGTATACTTTGCATCCACTAGGGAATCTGGGGTCCCTGATCGCTTCATAGGCAGTGGATCTGGGACAGATTTCACTCTTACCATCAGCAGTGTGCAGGCTGAAGACCTGGCAGATTACTTCTGTCAGCAACATTATAGCACTCCGTGGACGTTCGGTGGAGGCACCAAGCTGGAAATCAAACGGGCT		-	-	-	-	-	-	-	-	-	-
plate45	55-SMARTindex	L118/95	1292	49.8	2596	Illumina	AATTAGCTAGGGACCAAAATTCAAAGACAAAATGGATTTTCAAGTGCAGATTTTCAGCTTCCTGCTAATCAGTGCTTCAGTCATAATGTCCAGAGGACAAATTGTTCTCTCCCAGTCTCCAGCAATCCTGTCTGCATCTCCAGGGGAGAAGGTCACAATGACTTGCAGGGCCAGCTCAAGTGTAAGTTACATGCACTGGTACCAGCAGAAGCCAGGATCCTCCCCCAAACCCTGGATTTATGCCACATCCAACCTGGCTTCTGGAGTCCCTGCTCGCTTCAGTGGCAGTGGGTCTGGGACCTCTTACTCTCTCACAATCAGCAGAGTGGAGGCTGAAGATGCTGCCACTTATTACTGCCAGCAGTGGAGTAGTAACCCACCCACGTTCGGCTCGGGGACAAAGTTGGAAATAAAACGGGCT		-	-	-	-	-	-	-	-	-	-
plate45	56-SMARTindex	L118/110	2658	72.7	3658	Illumina	GACTGAGATGGAAAACAAAATGGATTTTCAGATGCAGATTATCAGCTTGCTGCTAATCAGTGTCACAGTCATAGTGTCTAATGGAGAAATTGTGCTCACCCAATCTCCAACCACCATGGCTGCATCTCCCGGGGAGAAGATCACTATCACCTGCAGTGCCAGCTCAAGTATAAGTTCCAATTACTTGCATTGGTATCAGCGGAAGCCAGGATTCTCCCCTAAACTCTTGATTTATAGGACATCCAATCTGGCTTCTGGAGTCCCAGCTCGCTTCAGTGGCAGTGGGTCTGGGACCTCTTACTCTCTCACAATTGGCACCATGGAGGCTGAAGATGTTGCCACTTACTACTGCCAGCAGGGTAGTAGTATACCACTCACCTTCGGTGCTGGGACCAAGCTGGAGCTGAAACGGGCT		-	-	-	-	-	-	-	-	-	-
plate45	57-SMARTindex	L118/8	120	26	462	Illumina	AGACAGGCAGTGGGAGCAAGATGGATTCACAGGCCCAGGTTCTTATATTGCTGCTGCTATGGGTATCTGGTACCTGTGGGGACATTGTGATGTCACAGTCTCCATCCTCCCTGGCTGTGTCAGCAGGAGAGAAGGTCACTATGAGCTGCAAATCCAGTCAGAGTCTGCTCAACAGTAGAACCCGAAAGAACTACTTGGCTTGGTACCAGCAGAAACCAGGGCAGTCTCCTAAACTGCTGATCTACTGGGCATCCACTAGGGAATCTGGGGTCCCTGATCGCTTCACAGGCAGTGGATCTGGGACAGATTTCACTCTCACCATCAGCAGTGTGCAGGCTGAAGACCTGGCAGTTTATTACTGCAAGCAATCTTATAATCTTCGGACGTTCGGTGGAGGCACCAAGCTGGAAATCAAACGGGCT		-	-	-	-	-	-	-	-	-	-
plate45	58-SMARTindex	L118/23	167	51.1	327	Illumina	AATTAGCTAGGGACCAAAATTCAAAGACAAAATGGATTTTCAAGTGCAGATTTTCAGCTTCCTGCTAATCAGTGCCTCAGTCATAATATCCAGAGGACAAATTGTTCTCATCCAGTCTCCAGAAATCATGTCTGCATCTCCAGGGGAGAAGGTCACCATGACCTGCAGTGCCAGCTCAAGTGTAAGTTACATGCACTGGTACCAGCAGAAGTCAGGCACCTCCCCCAAAAGATGGATTTATGACACATCCAAACTGGCTTCTGGAGTCCCTGCTCGCTTCAGTGGCAGTGGGTCTGGGACCTCTTACTCTCTCACAATCAGCAGCATGGAGGCTGAAGATGCTGCCACTTATTACTGCCAGCAGTGGAGTAGTAACCCACTCACGTTCGGTGCTGGGACCAAGCTGGAGCTGAAACGGGCT		-	-	-	-	-	-	-	-	-	-
plate45	59-SMARTindex	L118/37	493	25.7	1915	Illumina	GAAATGCATCGCACCAGCATGGGCATCAAGATGGAGTCACAGATTCAGGCATTTGTATTCGTGTTTCTCTGGTTGTCTGGTGTTGACGGAGACATTGTGATGACCCAGTCTCACAAATTCACGTCCACATCAGTAGGAGACAGGGTCAGCATCACCTGCAAGGCCAGTCAGGATGTGAGTACTGCTGTAGCCTGGTATCAACAAAAACCAGGGCAATCTCCTAAACTACTGATTTACTGGGCATCCATCCGGCACACTGGAGTCCCTGATCGCTTCACAGGCAGTGGATCTGGGACAGATTATACTCTCACCATCAGCAGTGTGCAGGCTGAAGACCTGGCACTTTATTACTGTCAGCAACATTATAGTACTCCGTGGACGTTCGGTGGAGGCACCAAGCTGGAAATCAAACGGGCT		-	-	-	-	-	-	-	-	-	-
plate45	60-SMARTindex	L118/53	124	33.1	375	Illumina	ATCCTCTCTTCCAGCTCTCAGAGATGGAGACAGACACACTCCTGTTATGGGTACTGCTGCTCTGGGTTCCAGGTTCCACTGGTGACATTGTGCTGACACAGTCTCCTGCTTCCTTAGCTGTTTCTCTGGGGCAGAGGGCCACCATCTCATGCAGGGCCAGCAAAAGTGTCAGTACATCTGGCTATAGTTATATGCACTGGTACCAACAGAAACCAGGACAGCCACCCAAACTCCTCATCTATGTTGCATCCAACCTAGAATCTGGGGTCCCTGCCAGGTTCAGTGGCAGTGGGTCTGGGACAGACTTCACCCTCACCATCCATCCTGTGGAGGAGGAGGATGCTGCAACCTATTACTGTCAGCACAGTAGGGAGCTTCCTCCGACGTTCGGTGGAGGCACCAACCTGGAAATCAGACGGGCT		-	-	-	-	-	-	-	-	-	-
plate45	60-SMARTindex	L118/53	102	27.2	375	Illumina	AAGCTGGCTATCACTCAAGGCCATGACCATGTTCTCACTAGCTCTTCTCCTCAGTCTTCTTCTCCTCTGTGTCTCTGATTCTAGGGCAGAAACAACTGTGACCCAGTCTCCAGCATCCCTGTCCATGGCTATAGGAGAAAAAGTCACCATCAGATGCATAACCAGCACTGATATTGATGATGATATGAACTGGTACCAGCAGAAGCCAGGGGAACCTCCTAAGCTCCTTATTTCAGAAGGCAATACTCTTCGTCCTGGAGTCCCATCCCGATTCTCCAGCAGTGGCTATGGTACAGATTTTGTTTTTACAATTGAAAACATGCTCTCAGAAGATGTTGCAGATTACTACTGTTTGCAAAGTGATAACTTGCCGTACACGTTCGGAGGGGGGACCAAGCTGGAAATAAAACGGGCT		-	-	-	-	-	-	-	-	-	-
plate45	61-SMARTindex	L118/68	11	21.2	52	Illumina	AGACAGGCAGTGGGAGCAAGATGGATTCACAGGCCCAGGTTCTTATATTGCTGCTGCTATGGGTATCTGGTACCTGTGGGGACATTGTGATGTCACAGTCTCCATCCTCCCTGACTGTGTCAGCAGGAGAGAAGGTCACTATGAGTTGCAAATCCAGTCAGAGTCTGCTCAATAGGAGAAACCGAAAGAACTACTTGGCTTGGTACCAGCAGAAACCAGGGCAGTCTCCTAAACTGCTGATCTACTGGGCATCCACTAGGGAATCTGGGGTCCCTGATCGCTTCACAGGCAGTGGATCTGGGACAGATTTCACTCTCACCATCAGCAGTGTGCAGGCTGAAGACCTGGCAGTTTATTACTGCAAGCAATCTTATAATCTGTACACGTTCGGAGGGGGGACCAAGCTGGAAATAAAACGGGCT	L118/6	-	-	-	-	-	-	-	-	-	-
plate45	62-SMARTindex	L118/81	1449	62.7	2312	Illumina	AGACAGGCAGGGGAAGCAAGATGGATTCACAGGCCCAGGTTCTTATGTTACTGCTGCTATGGGTATCTGGTACCTGTGGGGACATTGTGATGTCACAGTCTCCATCCTCCCTAACTGTGTCAGTTGGAGAGAAGGTTACTATGAGCTGCAAGTCCAGTCAGAGCCTTTTATATAGTAGCAATCAAAAGAACTACTTGGCCTGGTACCAGCAGAAACCAGGGCAGTCTCCTAAACTACTGCTTTACTGGGCATCCACTAGGGAATCTGGGGTCCCTGATCGCTTCACAGGCAGTGGATCTGGGACAGATTTCACTCTCACCATCAGCACTGTGAAGGCTGAAGACCTGGCAGTTTATTACTGTCAGCAATTTTATAGGTATCCTCTCACGTTCGGTGCTGGGACCAAGCTGGAGCTGAAACGGGCT		-	-	-	-	-	-	-	-	-	-
plate45	63-SMARTindex	L118/96	1492	36.8	4054	Illumina	AGCCTCACACTGATCACACACAGACATGAGTGTGCCCACTCAGGTCCTGGGGTTGCTGCTGCTGTGGCTTACAGATGCCAGATGTGACATCCAGATGACTCAGTCTCCAGCCTCCCTATCTGTATCTGTGGGAGAAACTGTCACCATCACATGTCGAGCAAGTGAGAATATTTACAGTAATTTAGCATGGTATCAGCAGAAACAGGGAAAATCTCCTCAGCTCCTGGTCTATGCTGCAACAAACTTAGCAGATGGTGTGCCATCAAGGTTCAGTGGCAGTGGATCAGGCACACAGTATTCCCTCAAGATCAACAGCCTGCAGTCTGAAGATTTTGGGAGTTATTACTGTCAACATTTTTGGGGTACTCCTCGGACGTTCGGTGGAGGCACCAAGCTGGAAATCAAACGGGCT		-	-	-	-	-	-	-	-	-	-
plate45	64-SMARTindex	L118/111	1415	61.5	2302	Illumina	AGACAGGCAGTGGGAGCAAGATGGATTCACAGGCCCAGGTTCTTATATTGCTGCTGCTATGGGTATCTGGTACCTGTGGGGACATTGTGATGTCACAGTCTCCATCCTCCCTGGCTGTGTCAGCAGGAGAGAAGGTCACTATGAGCTGCAAATCCAGTCAGAGTCTGCTCAACAGTAGAACCCGAAAGAACTACTTGGCTTGGTACCAGCAGAAACCAGGGCAGTCTCCTAAACTGCTGATCTACTGGGCATCCACTAGGGAATCTGGGGTCCCTGATCGCTTCACAGGCAGTGGATCTGGGACAGATTTCACTCTCACCATCAGCAGTGTGCAGGCTGAAGACCTGGCAGTTTATTACTGCAAGCAATCTTATAATCTTCCGACGTTCGGTGGAGGCACCAAGCTGGAAATCAAACGGGCT		-	-	-	-	-	-	-	-	-	-
plate45	65-SMARTindex	L118/9	733	68.4	1071	Illumina	AGACAGGCAGTGGGAGCAAGATGGATTCACAGGCCCAGGTTCTTATATTGCTGCTGCTATGGGTATCTGGTACCTGTGGGGACATTGTGATGTCACAGTCTCCATCCTCCCTGGCTGTGTCAGCAGGAGAGAAGGTCACTATGAGCTGCAAATCCAGTCAGAGTCTGCTCAACAGTAGAACCCGAAAGAACTACTTGGCTTGGTACCAGCAGAAACCAGGGCAGTCTCCTAAACTACTGATCTACTGGGCATCCACTAGGGAATCTGGGGTCCCTGATCGCTTCACAGGCAGTGGATCTGGGACAGATTTCACTCTCACCATCAGCAGTGTGCAGACTGAAGACCTGGCAGTTTATTACTGCAAGCAATCTTATAATCTTCCGACGTTCGGTGGAGGCACCAAGCTGGAAATCAAACGGGCT		-	-	-	-	-	-	-	-	-	-
plate45	66-SMARTindex	L118/24	635	56	1133	Illumina	GAAATGCATCAGACCAGCATGGGCATCAAGATGGAATCACAGACTCTGGTCTTCATATCCATACTGCTCTGGTTATATGGTGCTGATGGGAACATTGTAATGACCCAATCTCCCAAATCCATGTCCATGTCAGTAGGAGAGAGGGTCACCTTGAGCTGCAAGGCCAGTGAGATTGTGGGTACTTATGTATCCTGGTATCAACAGAAACCAGAGCAGTCTCCTAAACTGCTGATATACGGGGCATCCAACCGGTACACTGGGGTCCCCGATCGCTTCACAGGCAGTGGATCTGCAACAGATTTCACTCTGACCATCAGCAGTGTGCAGGCTGAAGACCTTGCAGATTATCACTGTGGACAGAGTTACAGCTATCCGTACACGTTCGGAGGGGGGACCAAGCTGGAAATAAAACGGGCT		-	-	-	-	-	-	-	-	-	-
plate45	66-SMARTindex	L118/24	355	31.3	1133	Illumina	AATTAGCCAGGGAACAAAATTCAAATACACAATGGATTTTCTGGTGCAGATTTTCAGCTTCTTGCTAATCAGTGCCTCAGTTGCAATGTCCAGAGGAGAAAATGTGCTCACCCAGTCTCCAGCAATCATGTCTGCATCTCCAGGGGAAAAGGTCACCATGACCTGCAGGGCCAGCTCAAGTGTAAGTTCCAGTTACTTGCACTGGTACCAGCAGAAGTCAGGTGCCTCCCCCAAACTCTGGATTTATAGCACATCCAACTTGGCTTCTGGAGTCCCTGCTCGCTTCAGTGGCAGTGGGTCTGGGACCTCTTACTCTCTCACAATCAGCAGTGTGGAGGCTGAAGATGCTGCCACTTATTACTGCCAGCAGTACAGTGGTTACCCATTCACGTTCGGCTCGGGGACAAAGTTGGAAATAAAACGGGCT		-	-	-	-	-	-	-	-	-	-
plate45	67-SMARTindex	L118/38	210	43.7	481	Illumina	AATTGAAGTCAAGACTCAGCCTGGACATGATGTCCTCTGCTCAGTTCCTTGGTCTCCTGTTGCTCTGTTTTCAAGGTACCACATGTGATATCCAGATGACACAGACTACATCCTCCCTGTCTGCCTCTCTGGGAGACAGAGTCACCATCAGTTGCAGGGCAAGTCAGGACATTAGCAATTATTTAAACTGGTATCAGCAGAAACCAGATGGAACTGTTAAACTCCTGATCTACTACACATCAAGATTACACTCAGGAGTCCCATCAAGGTTCAGTGGCAGTGGGTCTGGAACAGATTATTCTCTCACCATTAGCAACCTGGAGCAAGAAGATATTGCCACTTACTTTTGCCAACAGGGTAATACGCTTCCGTACACGTTCGGAGGGGGGACCAAGCTGGAAATAAAACGGGCT		-	-	-	-	-	-	-	-	-	-
plate45	70-SMARTindex	L118/82	988	35.4	2794	Illumina	AGACAGGCAGGGGAAGCAAGATGGATTCACAGGCCCAGGTTCTTATGTTACTGCTGCTATGGGTATCTGGTACCTGTGGGGACATTGTGATGTCACAGTCTCCATCCTCCCTAGCTGTGTCAGTTGGAGAGAAGGTTACTATGAGGTGCAAGTCCAGTCAGAGTCTTTTATATAGTAGCAATCAAGAGAACTACTTGGCCTGGTTCCAGCAGAAACCAGGGCAGTCTCCCAAACTGCTGATTTTCTGGGCATCCACTAGGGAATCTGGAGTCCCTGATCGCTTCACAGGCAGTGGATCTGGGACAGATTTCACTCTCACCATCAGCAGTGTGAAGTCTGAAGACCTGGCAGTTTATTACTGTCAGCAATATTATAGGTATCCGTGGACGTTCGGTGGAGGCACCAAGCTGGAAATCAAACGGGCT		-	-	-	-	-	-	-	-	-	-
plate45	70-SMARTindex	L118/82	898	32.1	2794	Illumina	ACTGATCACTCTCCTATGTTCATTTCCTCAAAATGATGAGTCCTGCCCAGTTCCTGTTTCTGTTAGTGCTCTGGATTCGGGAAACCAACGGTGATGTTGTGATGACCCAGACTCCACTCACTTTGTCGGTTACCATTGGACAAGCAGCCTCCATCTCTTGCAAGTCAAGTCAGAGCCTCCTAGATAGTGATGGAAAGACATATTTGAATTGGTTGTTACAGAGGCCAGGCCAGTCTCCAAAGCGCCTAATCTATCTGATGTCTAAACTGGACTCTGGAGTCCCTGACAGGTTCACTGGCAGTGGATCAGGGACAGATTTCACACTGAAAATCAGCAGAGTGGAGGCTGAGGATTTGGGAGTTTATTATTGTTGGCAAGGTACACATTTTCCGTACACGTTCGGAGGGGGGACCAAGCTGGAAATAAAACGGGCT		-	-	-	-	-	-	-	-	-	-
plate45	71-SMARTindex	L118/97	248	23.5	1055	Illumina	AGACAGGCAGTGGGAGCAAGATGGATTCACAGGCCCAGGTTCTTATATTGCTGCTGCTATGGGTATCTGGTACCTGTGGGGACATTGTGATGTCACAGTCTCCATCCTCCCTGGTTGTGTCAGCAGGAGAGAAGGTCACTTTGAGCTGCAAATCCAGTCAGAGTCTGCTCAACAGTAGAACCCGAAAGAACTACTTGGCTTGGTACCAGCAGAAACCAGGGCAGTCTCCTAAACTGCTGATCTACTGGGCATCCACTAGGGAATCTGGGGTCCCTGATCGCTTCACAGGCAGTGGATCTGGGACAGATTTCACTCTCACCATCAGCAGTGTGCAGGCTGAAGACCTGGCAGTTTATTACTGCAAGCAATCTTATAATCTGTACACATTCGGAGGGGGGACCAAGCTGGAAATAAATCGGGCT		-	-	-	-	-	-	-	-	-	-
plate45	74-SMARTindex	L118/25	342	28	1220	Illumina	AGTCATTCTTGGTCAGGAGACGTTGTAGAAATGAGACCGTCTATTCAGTTCCTGGGGCTCTTGTTGTTCTGGCTTCATGGTGCTCAGTGTGACATCCAGATGACACAGTCTCCATCCTCACTGTCTGCATCTCTGGGAGGCAAAGTCACCATCACTTGCAAGGCAAGCCAAGACATTAACAAGTATATAGCTTGGTTCCAACACAAGCCTGGAAAAGGTCCTAGGCTGCTCATACATTACACATCTACATTACAGCCAGGCCTCCCATCAAGGTTCAGTGGAAGTGGGTCTGGGAGAGATTTTTCCTTCAGCATCAGCAACCTGGAGCCTGAAGATATTGCAACTTATTATTGTCTACAGTATGATAATCTTATGTACACGTTCGGAGGGGGGACCAAGCTGGAAATAAAACGGGCT		-	-	-	-	-	-	-	-	-	-
plate45	74-SMARTindex	L118/25	342	28	1220	Illumina	AGTCATTCTTGGTCAGGAGACGTTGTAGAAATGAGACCGTCTATTCAGTTCCTGGGGCTCTTGTTGTTCTGGCTTCATGGTGCTCAGTGTGACATCCAGATGACACAGTCTCCATCCTCACTGTCTGCATCTCTGGGAGGCAAAGTCACCATCACTTGCAAGGCAAGCCAAGACATTAACAAGTATATAGCTTGGTTCCAACACAAGCCTGGAAAAGGTCCTAGGCTGCTCATACATTACACATCTACATTACAACCAGGCCTCCCATCAAGGTTCAGTGGAAGTGGGTCTGGGAGAGATTTTTCCTTCAGCATCAGCAACCTGGAGCCTGAAGATATTGCAACTTATTATTGTCTACAGTATGATAATCTTATGTACACGTTCGGAGGGGGGACCAAGCTGGAAATAAAACGGGCT		-	-	-	-	-	-	-	-	-	-
plate45	75-SMARTindex	L118/39	369	47.7	774	Illumina	GAAATACATCAGGCAGGCAAGGGCATCAAGATGAAGTCACAGACCCAGGTCTTCGTATTTCTACTGCTCTGTGTGTCTGGTGCTCATGGGAGTATTGTGATGACCCAGACTCCCAAATTCCTGCTTGTATCAGCAGGAGACAGGGTTACCATAACCTGCAAGGCCAGTCAGAGTGTGAGTAATGATGTAGCTTGGTACCAACAGAAGCCAGGGCAGTCTCCTAAACTGCTGATATACTATGCATCCAATCGCTACACTGGAGTCCCTGATCGCTTCACTGGCAGTGGATATGGGACGGATTTCACTTTCACCATCAGCACTGTGCAGGCTGAAGACCTGGCAGTTTATTTCTGTCAGCAGGATTATAGCTCTCCGCTCACGTTCGGTGCTGGGACCAAGCTGGAGCTGAAACGGGCT		-	-	-	-	-	-	-	-	-	-
plate45	76-SMARTindex	L118/55	1532	80.5	1903	Illumina	AATTAGCTAGGGACCAAAATTCAAAGACAAAATGGATTTTCAAGTGCAGATTTTCAGCTTCCTGCTAATGAGTGCCTCAGTCATAATGTCCAGGGGACAAATTGTTCTCACCCAGTCTCCAGCACTCATGTCTGCATCTCCAGGGGAGAAGGTCACCATGACCTGCAGTGCCAACTCAAGTGTAACTTACATGTACTGGTACCAGCAGAAGCCAAGATCCTCCCCCAAACCCTGGATTTATCTCACATCCAACCTGGCTTCTGGAGTCCCTGCTCGCTTCAGTGGCAGTGGGTCTGGGACCTCTTACTCTCTCACAATCAGCAGCATGGAGGCTGAAGATGCTGCCACTTATTACTGCCAGCAGTGGAGTAGTAACCCACCCATCACGTTCGGAGGGGGGACCAAGCTGGAAATAAAACGGGCT		-	-	-	-	-	-	-	-	-	-
plate45	78-SMARTindex	L118/84	3804	57	6668	Illumina	GAAATGCATCAGACCAGCATGGGCATCAAGATGGAATCACAGACTCTGGTCTTCATATCCATACTGCTCTGGTTATATGGTGCTGATGGGAACATTGTAATGACCCAATCTCCCAAATCCATGTCCATGTCAGTAGGAGAGAGGGTCACCTTGAGCTGCAAGGCCAGTGAGAATGTGGGTACTTATGTATCCTGGTATCAACAGAAACCAGAGCAGTCTCCTAAACTGCTGATATACGGGGCATCCAACCGGTACACTGGGGTCCCCGATCGCTTCACAGGCAGTGGATCTGCAACAGATTTCACTCTGACCATCAGCAGTGTGCAGGCTGAAGACCTTGCAGATTATCACTGTGGACAGAGTTACAGCTATCCTCTCACGTTCGGTGCTGGGACCAAGCTGGAGCTGAAACGGGCT		-	-	-	-	-	-	-	-	-	-
plate45	79-SMARTindex	L118/98	1344	55.2	2433	Illumina	AGACAGGCAGTGGGAGCAAGATGGATTCACAGGCCCAGGTTCTTATATTGCTGCTGCTATGGGTATCTGGTACCTGTGGGGACATTGTGATGTCACAGTCTCCATCCTCCCTGGCTGTGTCAGTAGGAGAGAAGGTCACTATGAGCTGCAAATCCAGTCAGAGTCTGCTCAACAGTAGAACCCGAAAGAACTACTTGGCTTGGTACCAGCAGAAACCAGGGCAGTCTCCTAAACTGCTGATCTACTGGGCATCCACTAGGGAATCTGGGGTCCCTGATCGCTTCACAGGCAGTGGATCTGGGACAGATTTCACTCTCACCATCAGCAGTGTGCAGGCTGAAGACCTGGCAGTTTATTACTGCAAGCAATCTTATAATCTGTATATGTTCGGAGGGGGGACCAAGCTGGAAATAAAACGGGCT		-	-	-	-	-	-	-	-	-	-
plate45	80-SMARTindex	L118/113	244	75.1	325	Illumina	AGTCATTCTTGGTCAGGAGACGTTGTAGAAATGAGACCGTCTATTCAGTTCCTGGGGCTCTTGTTGTTCTGGCTTCATGGTGCTCAGTGTGACATCCAGATGACACAGTCTCCATCCTCACTGTCTGCATCTCTGGGAGGCAAAGTCACCATCACTTGCAAGGCAAGCCAAGACATTAACAAGTATATAGCTTGGTACCAACACAAGCCTGGAAAAGGTCCTAGGCTGCTCATACATTACACATCTACATTACAGCCAGGCATCCCATCAAGGTTCAGTGGAAGTGGGTCTGGGAGAGATTATTCCTTCAGCATCAGCAACCTGGAGCCTGAAGATATTGCAACTTATTATTGTCTACAGTATGATAATCTTCTACGGACGTTCGGTGGAGGCACCAAGCTGGAAATCAAACGGGCT		-	-	-	-	-	-	-	-	-	-
plate45	81-SMARTindex	L118/12	605	86.3	701	Illumina	GTAATTGAAGTCAAGACTCAGCCTGGACATGATGTCCTCTGCTCAGTTCCTTGGTCTCCTGTTGCTCTGTTTTCAAGGTACCAGATGTGATATCCAGATGACACAGACTACATCCTCCCTGTCTGCCTCTCTGGGAGACAGAGTCACCATCAGTTGCAGGGCAAGTCAGGACATTAGCAATTATTTAAACTGGTATCAGCAGAAACCAGATGGAACTGTTAAACTCCTGATCTACTACACATCAAGATTACACTCAGGAGTCCCATCAAGGTTCAGTGGCAGTGGGTCTGGAACAGATTATTCTCTCACCATTAGCAACCTGGAGCAAGAAGATATTGCCACTTACTTTTGCCAACAGGGTAATACGCTTCCGTACACGTTCGGAGGGGGGACCAAGCTGGAAATAAAACGGGCT		-	-	-	-	-	-	-	-	-	-
plate45	82-SMARTindex	L118/26	18	32.1	56	Illumina	ACTTATGATAATAGCAGTAATTAGCTAGGGACCAAAATTCAAAGGAAAAATGGATTTTCAGGTGCAGATTTTCAGCTTCCTGCTAATCAGTGCCTCAGTCATAATGTCCAGAGGACAAATTGTTCTCACCCAGTCTCCAGCAATCATGTCTGCATCTCTAGGGGAACGGGTCACCATGACCTGCACTGCCAGCTCAAGTGTAAGTTCCAGTTACTTGCACTGGTACCAGCAGAAGCCAGGATCCTCCCCCAAATTCTGGATTTATAGTACATCCAACCTGGCTTCTGGAGTCCCAGTTCGTTTCAGTGGCAGTGGGTCTGGGACCTCTTACTCTCTCATAATCAGCAGCATGGAGGCTGAAGATGCTGCCACTTATTACTGCCACCAGTATCATCGTTCCCCATTCACGTTCGGCTCGGGGACAAAGTTGGAAATAAAACGGGCT	L118/49	-	-	-	-	-	-	-	-	-	-
plate45	83-SMARTindex	L118/41	325	55.1	590	Illumina	GAAGCATTCTCTCTTCCAGTTCTCAGAGATGGAGAAAGACACACTCCTGCTATGGGTCCTGCTTCTCTGGGTTCCAGGTTCCACAGGTGACATTGTGCTGACCCAATCTCCAGCTTCTTTGGCTGTGTCTCTAGGGCAGAGGGCCACCATCTCCTGCAGAGCCAGCGAAAGTGTTGATAATTATGGCATTAGTTTTATGAACTGGTTCCAACAGAAACCAGGACAGCCACCCAAACTCCTCATCTATGCTGCATCCAACCAAGGATCCGGGGTCCCTGCCAGGTTTAGTGGCAGTGGGTCTGGGACAGACTTCAGCCTCAACATCCATCCTATGGAGGAGGATGATACTGCAATGTATTTCTGTCAGCAAAGTAAGGAGGTTCCTCCGACGTTCGGTGGAGGCACCAAGCTGGAAATCAAACGGGCT		-	-	-	-	-	-	-	-	-	-
plate45	84-SMARTindex	L118/56	125	30.4	411	Illumina	ATCAATGTCAGGTCACAGCAGAAACATGAAGTTTCCTTCTCAACTTCTGCTCTTCCTGCTGTTCAGAATCACAGGCATAATATGTGACATCCAGATGACACAATCTTCATCCTACTTGTCTGTATCTCTAGGAGGCAGAGTCACCATTACTTGCAAGGCAAGTGACCACATTAATAATTGGTTAGCCTGGTATCAGCAGAAACCAGGAAATGCTCCTAGGCTCTTAATATCTGGTGCAACCAGTTTGGAAACTGGGGTTCCTTCAAGATTCAGTGGCAGTGGATCTGGAAAGGATTACACTCTCAGCATTACCAGTCTTCAGACTGAAGATGTTGCTACTTATTACTGTCAACAGTATTGGAGTACTCCTCCGACATTCGGTGGAGGCACCAAGCTGGAGATCAAACGGGCT		-	-	-	-	-	-	-	-	-	-
plate45	85-SMARTindex	L118/70	19	55.9	34	Illumina	ACTGATCACTCTCCTATGTTTATTTCCTCAAAATGATGAGTCCTGCCCAGTTCCTGTTTCTGTTAGTGCTCTGGATTCAGGAAACCAACGGTGATGTTGTGATGACCCAGAGTCCACTCACTTTGTCGGTTACCATTGGACAACCAGCCTCTATCTCTTGCAAGTCAAGTCAGAGCCTCTTATATAGTAATGGAAAAACCTATTTGAATTGGTTATTACAGAGGCCAGGCCAGTCTCCAAAGCGCCTAATCTATCTGGTGTCTAAACTGGACTCTGGAGTCCCTGACAGGTTCACTGGCAGTGGATCAGGAACAGATTTTACACTGAAAATCAGCAGAGTGGAGGCTGAGGATTTGGGAGTTTATTACTGCGTGCAAGGTACACATTTTCCGGTCACGTTCGGTGCAGGGACCAAGCTGGAGCTGAAACGGGCT	L118/17	-	-	-	-	-	-	-	-	-	-
plate45	86-SMARTindex	L118/86	493	31.5	1563	Illumina	GAAATGCATCAGACCAGCATGGGCATCAAGATGGAATCACAGACTCTGGTCTTCATATCCATACTGCTCTGGTTATATGGTGCTGATGGGAACATTGTAATGACCCAATCTCCCAAATCCATGTCCATGTCAGTAGGAGAGAGGGTCACCTTGAGCTGCAAGGCCAGTGAGAATGTGGGTACTTATGTATCCTGGTATCAACAGAAACCAGAGCAGTCTCCTAAACTGCTGATATACGGGGCATCCAACCGGTACACTGGGGTCCCCGATCGCTTCACAGGCAGTGGATCTGCAACAGATTTCACTCTGACCATCAGCAGTGTGCAGGCTGAAGACCTTGCAGATTATCACTGTGGACAGAGTTACAGCTATCCGTACACGTTCGGAGGGGGGACCAAGCTGGAAATAAAACGGGCT		-	-	-	-	-	-	-	-	-	-
plate45	87-SMARTindex	L118/99	567	61.7	919	Illumina	AGACAGGCAGGGGAAGCAAGATGGATTCACAGGCCCAGGTTCTTATGTTACTGCTGCTATGGGTATCTGGTACCTGTGGGGACATTGTGATGTCACAGTCTCCATCCTCCCTAGCTGTGTCAGTTGGAGAGAAGGTTACTATGAGCTGCAAGTCCAGTCAGAGCCTTTTATATAGTAGCAATCAAAAGAACTACTTGGCCTGGTACCAGCAGAAACCAGGGCAGTCTCCTAAACTGCTGATTTACTGGGCATCCACTAGGGAATCTGGGGTCCCTGATCGCTTCACAGGCAGTGGATCTGGGACAGATTTCACTCTCACCATCAGCAGTGTGAAGGCTGAAGACCTGGCAGTTTATTACTGTCAGCAATATTATAGCTATCCTCGGACGTTCGGTGGAGGCACCAAGCTGGAAATCAAACGGGCT		-	-	-	-	-	-	-	-	-	-
plate45	89-SMARTindex	L118/13	34	40	85	Illumina	ACTTATGAGAATAGCAGTAATTAGCTAGGGACCAAAATTCAAAGACAAAATGGATTTTCAAGTGCAGATTTTCAGCTTCCTGCTAATCAGTGCTTCAGTCATAATGTCCAGAGGACAAATTGTTCTCTCCCAGTCTCCAGCAATCCTGTCTGCATCTCCAGGGGAGAAGGTCACAATGACTTGCAGGGCCAGCTCAAGTGTAAGTTACATGCACTGGTACCAGCAGAGGCCAGGATCCTCCCCCAAACCCTGGATTTATGCCACATCCAACCTGGCTTCTGGAGTCCCTGCTCGCTTCAGTGGCAGTGGGTCTGGGACCTCTTACTCTCTCACAATCAGCAGAGTGGAGGCTGAAGATGCTGCCACTTATTACTGCCAGCAGTGGAGTAGTAACCCGCTCACGTTCGGTGCTGGGACCAAGCTGGAGCTGAAACGGGCT		-	-	-	-	-	-	-	-	-	-
plate45	90-SMARTindex	L118/27	346	70.8	489	Illumina	ACTTATGAGAATAGCAGTAATTAGCTAGGGACCAAAATTCAAAGACAAAATGCATTTTCAAGTGCAGATTTTCAGCTTCCTGCTAATCAGTGCCTCAGTCATAATGTCCAGAGGACAAATTGTTCTCACCCAGTCTCCAGCAATCATGTCTGCATCTCCAGGGGAGAAGGTCACCATAACCTGCAGTGCCAGCTCAAGTGTAAGTTACATGCACTGGTTCCAGCAGAAGCCAGGCACTTCTCCCAAACTCTGGATTTATAGCACATCCAACCTGGCTTCTGGAGTCCCTGCTCGCTTCAGTGGCAGTGGATCTGGGACCTCTTACTCTCTCACAATCAGCCGAATGGAGGCTGAAGATGCTGCCACTTATTACTGCCAGCAAAGGAGTAGTTACCCATTCACGTTCGGCTCGGGGACAAAGTTGGAAATAAAACGGGCT		-	-	-	-	-	-	-	-	-	-
plate45	91-SMARTindex	L118/43	865	69.9	1238	Illumina	GAAGCATTCTCTCTTCCAGTTCTCAGAGATGGAGAAAGACACACTCCTGCTATGGGTCCTGCTTCTCTGGGTTCCAGGTTCCACAGGTGACATTGTGCTGACCCAATCTCCAGCTTCTTTGGCTGTGTCTCTAGGGCAGAGGGCCACCATCTCCTGCAGAGCCAGCGAAAGTGTTGATAATTATGACATTAGTGTTATGAACTGGTTCCAACAGAAACCAGGACAGCCACCCAAACTCCTCATCTATGCTGCATCCAACCAAGGATCCGGGGTCCCTGCCAGGTTTAGTGGCAGTGGGTCTGGGACAGACTTCAGCCTCAACATCCATCCTATGGAGGAGGATGATACTGCAATGTATTTCTGTCAGCAAAGTAAGGAGGTTCCGTACACGTTCGGAGGGGGGACCAAGCTGGAAATAAAACGGGCT		-	-	-	-	-	-	-	-	-	-
plate45	92-SMARTindex	L118/57	283	37.8	748	Illumina	AGCTGCCAGGAGCCTAAGAAGCATCCTCTCATCTAGTTCTCAGAGATGGAGACAGACACAATCCTGCTATGGGTGCTGCTGCTCTGGGTTCCAGGCTCCACTGGTGACATTGTGCTGACCCAATCTCCAGCTTCTTTGGCTGTGTCTCTAGGGCAGAGGGCCACCGTCTCCTGCAAGGCCAGCCAAACTGTTGATTATGATGGTGATAGTTATATTAACTGGTACCAACAGAAACCAGGACAGCCACCCAAACTCCTCATCTATGCTGCATCCATTCTAGAATCTGGGATCCCAGCCAGGTTTAGTGGCAGTGGGTCTGGGACAGACTTCACCCTCAACATCCATCCTGTGGAGGAGGATGATGCTGCAACCTATTACTGTCAACAAAGTAATGAGGATCCGTACACGTTCGGAGGGGGGACCAAGCTGGAAATAAAACGGGCT		-	-	-	-	-	-	-	-	-	-
plate45	94-SMARTindex	L118/88	462	32.6	1419	Illumina	AATTAGCCAGGAACTAAAATTCAAAGACACAATGGATTTACAGGTGCAGATTATCAGCTTCCTGCTAATCAGTGTCACAGTCATAATGTCCAGAGGAGAAAATGTGCTCACCCAGTCTCCAGCAATAATGGCTGCCTCTCTGGGGCAGAAGGTCACCATGACCTGCAGTGCCAGCTCAAGTGTAAGTTCCAGTTACTTGCACTGGTACCAGCAGAAGTCAGGCGCTTCCCCCAAACCCTTGATTCATAGGACATCCAACCTGGCTTCTGGAGTCCCAGCTCGCTTCAGTGGCAGTGGGTCTGGGACCTCTTACTCTCTCACAATCAGCAGCGTGGAGGCTGAAGATGATGCAACTTATTACTGCCAGCAGTGGAGTGGTTACCCGTACACGTTCGGAGGGGGGACCAAGCTGGAAATAAAACGGGCT		-	-	-	-	-	-	-	-	-	-
plate45	94-SMARTindex	L118/88	413	29.1	1419	Illumina	GAAATACATCAGATCAGCATGGGCATCAAGATGGAGTCACAGACTCAGGTCTTTGTATACATGTTGCTGTGGTTGTCTGGTGTTGATGGAGACATTGTGATGACCCAGTCTCAAAAATTCATGTCCACATCAGTAGGAGACAGGGTCAGCGTCACCTGCAAGGCCAGTCAGAATGTGGGTACTAATGTAGCCTGGTATCAACAGAAACCAGGGCAATCTCCTAAAGCACTGATTTACTCGGCATCCTACCGGTACAGTGGAGTCCCTGATCGCTTCACAGGCAGTGGATCTGGGACAGATTTCACTCTCACCATCAGCAATGTGCAGTCTGAAGACTTGGCAGAGTATTTCTGTCAGCAATATAACAACTATCCTCTCACGTTCGGAGGGGGGACCAAGCTGGAAATAAAACGGGCT		-	-	-	-	-	-	-	-	-	-
plate45	95-SMARTindex	L118/100	997	76.2	1308	Illumina	AAGCATCCTCTCATCTAGTTCTCAGAGATGGAGACAGACACAATCCTGCTATGGGTGCTGCTGCTCTGGGTTCCAGGCTCCACTGGTGACATTGTGTTGACCCAATCTCCAGCTTCTTTGGCTGTGTCTCTAGGGCAGAGGGCCACCATCTCCTGCAAGGCCAGCCAAACTGTTGATTATGATGGTGATAGTTATATGAACTGGTACCAACAGAAACCAGGGCAGCCACCCAAACTCCTCATCTATGCTGCATCCAATCTAGAATCTGGGATCCCAGCCAGGTTTAGTGGCAGTGGGTCTGGGACAGACTTCATCCTCAGCATCCATCCTGTGGAGGAGGACGATGCTGCAACCTATTACTGTCAGCAAAGTAATGAGGATCCGTACACGTTCGGAGGGGGGACCAAGCTGGAAATAAAACGGGCT		-	-	-	-	-	-	-	-	-	-
