Sample_Name	plate	SMARTindex	MabID	Chain	ASVcount	PctSupport	TotalReads	Sequencing	ASV	DuplicatedIn
Psanger_Gs1	Psanger	None	L109/57	HC	1	100	1	Sanger	ATGGAATGGAACTGGGTCGTTCTCTTCCTCCTGTCATTAACTGCAGGTGTCTATGCCCAGGGTCAGATGCAGCAGTCTGGAGCTGAGCTGGTGAAGCCTGGGGCTTCAGTGAAGCTGTCCTGCAAGACTTCTGGCTTCACCTTCAGCAGTAGCTATATAAGTTGGTTGAAGCAAAAGCCTGGACAGAGTCTTGAGTGGATTGCATGGATTTATGCTGGAACTGGTGATACTAACTATAATCAGAAGTTCACAGGCAAGGCCCAACTGACTGTAGACACATCCTCCAGCACAGCCTACATGCAATTCAGCAGCCTGACAGCTGAGGACTCTGCCATCTATTACTGTGCAAGACACAAATATAGGTACCTTGACTACTGGGGCCAAGGCACCACTCTCACAGTCTCCTCA	
Psanger_Gs10	Psanger	None	L114/81	HC	1	100	1	Sanger	ATGAAGCTGTGGCTGAACTGGATTTTCCTTGTAACACTTTTAAATGGTATCCTGTGTGAGGTGAACCTGGTGGAATCTGGAGGAGGCTTGGTACAGCCTGGGGGTTCTCTGAGACTCTCCTGTGCAACTTCTGGGTTCCCCTTCACTGATTTCTACATGAGCTGGGTCCGCCAGCCTCCAGGAAAGGCACTTGAGTGGTTGGGTTTTATTAGAAACAGAGCTCATGGTTACACAACAGAATACAGTGCATCTGTGAAGGGTCGATTCACCTTCTCCAGAGATAATTCCCAAAGCATCCTCTATCTTCAAATGAACACCCTGAGAACTGAGGACAGTGCCACTTATTACTGTGGGGGCGGTAGAGGCCTGGGCTACTGGGGTCAAGGCACCTCAGTCACCGTCTCCTCA	
Psanger_Gs13	Psanger	None	L122/6	HC	1	100	1	Sanger	ATGGCTGTCTTGGGGCTGCTCTTCTGCCTGGTGACATTCCCAAGCTGTGTCCTATCCCAGGTGCAGCTGAAGCAGTCAGGACCTGGCCTAGTGCAGCCCTCACAGAGCCTGTCCATCACCTGCACAGTCTCTGGTTTCTCATTAACTAGCTATGGTGTACACTGGGTTCGCCAGTCTCCAGGAAAGGGTCTGGAGTGGCTGGGAGTGATATGGAGTGGTGGATACACAGACTATAATGCAGCTTTCATATCCAGACTGAGCATCAGCAAGGACGATTCCAAGAGCCAAGTTTTCTTTAAAATGAACAGTCTGCAACCTAATGACACAGCCATATATTACTGTGCCAGTTACTACGGTAATACCTACTGGTACTTCGATGTCTGGGGCGCAGGGACCACGGTCACCGTCTCCTCA	
Psanger_Gs19	Psanger	None	N486/32	HC	1	100	1	Sanger	ATGAAATGCAGCTGGGTCATCTTCTTCCTGATGGCAGTGGTTATAGGAATCAATTCAGAGGTTCAGCTGCAGCAGTCTGGGGCAGAGCTTGTGAGGTCAGGGGCCTCAGTCAAGTTGTCCTGCACAGCTTCTGGCTTCAACATTAAAGACTACTATATGCACTGGGTGAAGCAGAGGCCTGAACAGGGCCTGGAGTGGATTGGATGGATGGATCCTAAGAATGGAGATACTGAATATGCCCCGAAATTCCAGGGCAAGGCCACTATGACTGCAGACACATCCTCCAACACAGCCTACCTGCAGCTCAGCAGCCTGACATCTGATGACACTGCCGTCTATTACTGTCATGACGCGATTACTACGCCTACCCGGAACTTCGATGTCTGGGGCGCAGGGACCACGGTCACCGTCTCCTCA	
Psanger_Gs4	Psanger	None	L111/118	HC	1	100	1	Sanger	ATGGGATGGAGCTATGTCATTTTCTTTTTGGTAGCAACAGCTACAGGTGTCCACTCCCAGGTCCAACTCCAGCAGCCTGGGGCTGAACTGGTGAAGCCTGGGGCTTCAGTGAAGTTGTCCTGCAAGGCTTCTGGCTTCACCTTCACCAGATACTGGATGCACTGGGTGAAGCTGAGGCCTGGACAAGGCTTTGAGTGGATTGGAGAGATTAATCCTAGCCATGGTGGTACTACCTACAATGAGAAATTCAAAAGAAAGGCCGCACTGACTGTAGACAAATCCTCCAGCACAGCCTACATGCAACTCAACAGCCTGACATCTGAGGACTCTGCGGTCTATTACTGTTCAATTTGGGATTCCTACTTTGACTACTGGGGCCAAGGCACCACTCTCACAGTCTCCTCA	
Psanger_Gs7	Psanger	None	L114/3	HC	1	100	1	Sanger	ATGAAATGCAGCTGGGTTATCTTCTTCCTGATGGCAGTGGTTACAGGGGTCAATTCAGAGGTTCAGCTGCAGCAGTCTGGGGCAGAGCTTGTGAAGCCAGGGGCCTCAGTCAAGTTGTCCTGCACAGCTTCTGGCTTCAACATTAAAGACACTTATATGCACTGGGTGAAGCAGAGGCCTGAACAGGGCCTGGAGTGGATTGGAAGGATTGATCCTACGAGTGATAATACTAAATATGACCCGAAGTTCCAGGGCAAGGCCACTATAACAGCAGACACATCCTCCAACACAGCCTACCTGCAGCTCAGCAGCCTGACATCTGAGGACACTGCCGTCTATTACTGTGCTAGATGGGAGGTACGACGGATGGACTACTGGGGTCAAGGAACCTCAGTCACCGTCTCCTCA	
Psanger_Gs1	Psanger	None	L109/57	LC	1	100	1	Sanger	ATGGAGACAGACACACTCCTGTTATGGGTACTGCTGCTCTGGGTTCCAGGTTCCACTGGTGACATTGTGCTGACACAGTCTCCTGCTTCCTTACCTGTATCTCTGGGGCAGAGGGCCACCATCTCATGCAGGGCCAGCAAAAGTGTCAGTACATCTGGCTATAGTTATATGCACTGGTACCAACACAAACCAGGACAGCCACCCAAACTCCTCATCTATCTTGCATCCAACCTAGAATCTGGGGTCCCTGCCAGGTTCAGTGGCAGTGGGTCTGGGACAGACTTCACCCTCAACATCCATCCTGTGGAGGAGGAGGATGCTGCAACCTATTACTGTCAACACACTAGGGAGCTTCCGTGGACGTTCGGTGGAGGCACCAAGCTGGAAATCAAA	
Psanger_Gs10	Psanger	None	L114/81	LC	1	100	1	Sanger	ATGAGGGCTCCTGCACAGATTTTTGGCTTCTTGTTGCTCTGGTTTCCAGGTACCAGATGTGACATCCAGATGACCCAGTCTCCATCCTCCTTATCTGCCTCTCTGGGAGAAAGAGTCAGTCTCACTTGTCGGGCAAGTCAGGACATTGGTAGTAGCTTAAACTGGCTTCAGCAGGAACCAGATGGAACTATTAAACGCCTGATCTATGCCACATCCATTTTAGATTCTGGTGTCCCCAAAAGGTTCAGTGGCAGTAGGTCTGGGTCAGATTATTCTCTCACCATCAGCAGCCTTGAGTCTGAAGATTTTGTAGACTATTACTGTCTACAATATGCTAGTTCTCCGTGGACGTTCGGTGGAGGCACCAAGCTGGAAATCAAA	
Psanger_Gs13	Psanger	None	L122/6	LC	1	100	1	Sanger	ATGGAATCACAGACCCAGGTCCTCATGTTTCTTCTGCTCTGGGTATCTGGTGCCTGTGCAGACATTGTGATGACACAGTCTCCATCCTCCCTGGCTATGTCAGTAGGACAGAAGGTCACTATGAGCTGCAAGTCCAGTCAGAGCCTTTTAAATAGTAGCAATCAAAAGAACTATTTGGCCTGGTACCAGCAGAAACCAGGACAGTCTCCTAAACTTCTGGTATACTTTGCATCCACTAGGGAATCTGGGGTCCCTGATCGCTTCATAGGCAGTGGATCTGGGACAGATTTCATTCTTACCATCAGCAGTGTGCAGGCTGAAGACCTGGCAGATTACTTCTGTCAGCAACATTATAGCACTCCGCTCACGTTCGGTGCTGGGACCAAGCTGGAGCTGAAA	
Psanger_Gs19	Psanger	None	N486/32	LC	1	100	1	Sanger	ATGAAGTTGCCTGTTAGGCTGTTGGTGCTGATGTTCTGGATTCCTGCTTCCAGCAGTGATGTTGTGATGACCCAAACTCCACTCTCCCTGCCTGTCAGTCTTGGAGATCAAGCCTCCATCTCTTGCAGATCTAGTCAGAGCCTTGTACACAGTAATGGAAACACCTATTTACATTGGTACCTGCAGAAGCCAGGCCAGTCTCCAAAGCTCCTGATGTACAAAGTTTCCAACCGATTTTCTGGGGTCCCAGACAGGTTCAGTGGCAGTGGATCAGGGACAGATTTCACACTCAAGATCAGCAGAGTGGAGGCTGAGGATCTGGGAGTTTATTTCTGCTCTCAAAGTACACATGTTCCATTCACGTTCGGCTCGGGGACAAAGTTGGAAATAAAA	
Psanger_Gs4	Psanger	None	L111/118	LC	1	100	1	Sanger	ATGAAGTTGCCTGTTAGGCTGTTGGTGCTGATGTTCTGGATTCCTGCTTCCAGCAGTGATGTTGTGATGACCCAAACTCCACTCTCCCTGCCTGTCAGTCTTGGAGATCAAGCCTCCATCTCTTGCAGATCTAGTCAGAGCCTTGTACACAGTAATGGAGACACCTATTTACATTGGTACCTGCAGAAGCCAGGCCAGTCTCCAAAGCTCCTGATCTACAAAGTTTCCAACCGATTTTCTGGGGTCCCAGACAGGTTCAGTGGCAGTGGATCAGGGACAGATTTCACACTCAAGATCAGCAGAGTGGAGGCTGAGGATCTGGGAGTTTATTTCTGCTCTCAAAGTATATATGTTCCTTACACGTTCGGAGGGGGGACCAAGCTGGAAATAAAA	
Psanger_Gs7	Psanger	None	L114/3	LC	1	100	1	Sanger	ATGTCCTCTGCTCAGTTCCTTGGTCTCCTGTTGCTCTGTTTTCAAGGTACCAGATGTAATATCCAGATGACACAGACTACATCCTCCCTGTCTGCCTCTCTGGGAGACAGAGTCACCATCAGTTGCAGTGCAAGTCAGGACATTAGCAATTATTTAAACTGGTATCAGCAGAAACCAGATGGAACTGTTAAACTCCTGATCTATTACACGTCAAGTTTACACTCAGGAGTCCCATCAAGATTCAGTGGCAGTGGGTCTGGGACAGATTATTCTCTCACCATCAGCAACCTGGAACCTGAAGATATTGCCACTTACTATTGTCAGCAGCATAGTCAGTTTCCGTGGACGTTCGGTGGAGGCACCAAGCTGGAAATCAAA	
Psanger_Gs16	Psanger	None	N263/31	HC	1	100	1	Sanger	ATGGCTGTCCTGGCATTACTCTTCTGCCTGGTAACATTCCCAAGCTGTATCCTTTCCCAGGTACAGCTGAAGGAGTCAGGACCTGGCCTGGTGGCGCCCTCACAGAGCCTGTCCATCACATGCACCGTCTCAGGGTTCTCATTAACCGGCTATGGTTTAAACTGGGTTCGCCAGCCTCCAGGAAAGGGTCTGGAGTGGCTGGGAATGATATGGACTGATGGAAGCACAGACTATAATTCAGCTCTCAAATCCAGACTGAGCATCAGCAAGGACAACTCCAAGAGCCAGGTTTTCTTAAAGATGAACAGTCTTCAAACTGATGACACAGCCAGGTACTACTGTGCCAGAGATCGCTACGGCGGGTTTGCTTACTGGGGCCAAGGGACTCTGGTCACTGTCTCTGCA	
Psanger_Gs16	Psanger	None	N263/31	LC	1	100	1	Sanger	ATGGATTCACAGGCCCAGGTTCTTATGTTACTGCTGCTATGGGTATCTGGTACCTGTGGGGACATTGTGATGTCACAGTCTCCATCCTCCCTAGCTGTGTCAGTTGGAGAGAAGGTTACTATGAGCTGCAAGTCCAGTCAGAGCCTTTTATATAGTAGCAATCAAAAGAACTACTTGGCCTGGTACCAGCAGAAACCAGGGCAGTCTCCTAAACTGCTGATTTACTGGGCATCCACTAGGGAATCTGGGGTCCCTGATCGCTTCACAGGCAGTGGATCTGGGACAGATTTCACTCTCACCATCAGCAGTGTGAAGGCTGAAGACCTGGCAGTTTATTACTGTCAGCAATATTATCACTATCCGCTCACGTTCGGTGCTGGGACCAAGCTGGAGCTGAAA	
Psanger_Gs16	Psanger	None	N263/31	LC	1	100	1	Sanger	ATGAGGTTCCAGGTTCAGGTTCTGGGGCTCCTTCTGCTCTGGATATCAGGTGCCCAGTGTGATGTCCAGATAACCCAGTCTCCATCTTATCTTGCTGCATGTCCTGGAGAAACCATTACTATTAATTGCAGGACAAATAAGAGCATTAGCAAATATTTAGTCTGGTATCAAGAGAAACCTGGGAAAACTAATAAGCTTCTTATCTACTCTGGATCCACTTTGCAATCTGGAATTCCATCAAGGTTCAGTGGCAGTGGATCTGGTACAGATTTCAGTTTTATCATCAGTAGCCTGGAACCTGAAGATTTTGCAATGTATTACTGTCAACAGCAGAATGAATATCCGTACACGTTCGGAGGGGGGACCAAGCTGGAAATAAAA	
